2026-01-30 23:30:23,722 [INFO] [MainThread] [root/app_bar.py:118]: Bar primary-bar Created on Screen: \\.\DISPLAY1 [Bar Height: 38px, DPI Scale: 1.0]
2026-01-30 23:30:24,434 [INFO] [MainThread] [root/bar_manager.py:85]: Starting WindowsNotificationEventListener...
2026-01-30 23:30:24,436 [INFO] [MainThread] [root/watcher.py:54]: Created file watcher for path C:\Users\monst\.config\yasb
2026-01-30 23:30:24,549 [INFO] [MainThread] [root/update_service.py:409]: Background update checker started
2026-01-30 23:30:24,549 [DEBUG] [MainThread] [qasync._windows._EventPoller/_windows.py:215]: Starting (proactor: <_IocpProactor overlapped#=0 result#=0>)...
2026-01-30 23:30:24,552 [DEBUG] [Dummy-6] [qasync._windows._EventWorker/_windows.py:195]: Thread started
2026-01-31 03:02:46,607 [DEBUG] [Dummy-7] [root/media.py:156]: MediaCallback: No active session
2026-01-31 03:09:16,002 [DEBUG] [Dummy-8] [root/media.py:156]: MediaCallback: No active session
2026-01-31 16:58:21,707 [DEBUG] [Dummy-9] [root/media.py:156]: MediaCallback: No active session
2026-02-01 07:46:40,272 [DEBUG] [Dummy-10] [root/media.py:156]: MediaCallback: No active session
2026-02-01 07:46:40,285 [DEBUG] [Dummy-11] [root/media.py:156]: MediaCallback: No active session
2026-02-01 07:46:40,295 [DEBUG] [Dummy-12] [root/media.py:156]: MediaCallback: No active session
2026-02-01 07:46:40,298 [DEBUG] [Dummy-13] [root/media.py:156]: MediaCallback: No active session
2026-02-01 07:46:40,299 [DEBUG] [Dummy-14] [root/media.py:156]: MediaCallback: No active session
2026-02-01 07:46:40,300 [DEBUG] [Dummy-15] [root/media.py:156]: MediaCallback: No active session
2026-02-01 07:48:10,265 [INFO] [MainThread] [root/bar_manager.py:92]: Stopping WindowsNotificationEventListener...
2026-02-01 15:16:12,903 [INFO] [MainThread] [root/log.py:69]: YASB v1.8.6
2026-02-01 15:16:12,904 [INFO] [Thread-1 (_run_server)] [cli_server/cli_server.py:212]: CLI server started v1.1.4
2026-02-01 15:16:12,904 [INFO] [MainThread] [cli_server/cli_server.py:104]: Log pipe server started
2026-02-01 15:16:13,007 [INFO] [MainThread] [root/main.py:98]: Debug mode enabled.
2026-02-01 15:16:13,094 [DEBUG] [MainThread] [pyvda.build/build.py:53]: Starting feature detection...
2026-02-01 15:16:13,094 [DEBUG] [MainThread] [pyvda.build/build.py:57]: Feature detection complete. Windows version is over 26100
2026-02-01 15:16:14,174 [DEBUG] [MainThread] [root/media.py:156]: MediaCallback: No active session
2026-02-01 15:16:14,226 [INFO] [MainThread] [root/traffic.py:99]: Internet checker initialized for interface auto
2026-02-01 15:16:14,263 [INFO] [MainThread] [root/service.py:39]: AudioInputService starting...
2026-02-01 15:16:14,371 [INFO] [MainThread] [root/service.py:48]: AudioOutputService starting...
2026-02-01 15:16:14,470 [INFO] [MainThread] [root/app_bar.py:118]: Bar primary-bar Created on Screen: \\.\DISPLAY1 [Bar Height: 38px, DPI Scale: 1.0]
2026-02-01 15:16:15,089 [INFO] [MainThread] [root/bar_manager.py:85]: Starting WindowsNotificationEventListener...
2026-02-01 15:16:15,091 [INFO] [MainThread] [root/watcher.py:54]: Created file watcher for path C:\Users\monst\.config\yasb
2026-02-01 15:16:15,191 [INFO] [MainThread] [root/update_service.py:409]: Background update checker started
2026-02-01 15:16:15,192 [DEBUG] [MainThread] [qasync._windows._EventPoller/_windows.py:215]: Starting (proactor: <_IocpProactor overlapped#=0 result#=0>)...
2026-02-01 15:16:15,194 [DEBUG] [Dummy-6] [qasync._windows._EventWorker/_windows.py:195]: Thread started
2026-02-01 15:16:15,268 [DEBUG] [MainThread] [root/media.py:156]: MediaCallback: No active session
2026-02-01 15:16:15,640 [WARNING] [UpdateChecker] [root/update_service.py:275]: Network error checking for updates: [Errno 11001] getaddrinfo failed
2026-02-01 15:16:15,640 [WARNING] [UpdateChecker] [root/update_service.py:405]: Background update check failed: <urlopen error [Errno 11001] getaddrinfo failed>
2026-02-01 21:33:28,718 [DEBUG] [Dummy-7] [root/media.py:156]: MediaCallback: No active session
2026-02-01 21:33:28,719 [DEBUG] [Dummy-8] [root/media.py:156]: MediaCallback: No active session
2026-02-01 21:33:28,723 [DEBUG] [Dummy-9] [root/media.py:156]: MediaCallback: No active session
2026-02-01 21:33:28,724 [DEBUG] [Dummy-10] [root/media.py:156]: MediaCallback: No active session
2026-02-01 21:33:28,725 [DEBUG] [Dummy-11] [root/media.py:156]: MediaCallback: No active session
2026-02-01 21:33:28,727 [DEBUG] [Dummy-12] [root/media.py:156]: MediaCallback: No active session
2026-02-01 21:41:47,706 [DEBUG] [Dummy-13] [root/media.py:156]: MediaCallback: No active session
2026-02-02 00:50:46,595 [DEBUG] [Dummy-14] [root/media.py:156]: MediaCallback: No active session
2026-02-02 00:50:46,614 [DEBUG] [Dummy-15] [root/media.py:156]: MediaCallback: No active session
2026-02-02 00:50:46,618 [DEBUG] [Dummy-16] [root/media.py:156]: MediaCallback: No active session
2026-02-02 00:50:46,622 [DEBUG] [Dummy-17] [root/media.py:156]: MediaCallback: No active session
2026-02-02 00:50:46,625 [DEBUG] [Dummy-18] [root/media.py:156]: MediaCallback: No active session
2026-02-02 00:50:46,627 [DEBUG] [Dummy-19] [root/media.py:156]: MediaCallback: No active session
2026-02-02 00:54:38,521 [DEBUG] [Dummy-20] [root/media.py:156]: MediaCallback: No active session
2026-02-02 00:54:38,522 [DEBUG] [Dummy-21] [root/media.py:156]: MediaCallback: No active session
2026-02-02 00:54:38,526 [DEBUG] [Dummy-22] [root/media.py:156]: MediaCallback: No active session
2026-02-02 00:54:38,531 [DEBUG] [Dummy-23] [root/media.py:156]: MediaCallback: No active session
2026-02-02 00:54:38,531 [DEBUG] [Dummy-14] [root/media.py:156]: MediaCallback: No active session
2026-02-02 01:02:47,262 [DEBUG] [Dummy-24] [root/media.py:156]: MediaCallback: No active session
2026-02-02 01:02:47,265 [DEBUG] [Dummy-25] [root/media.py:156]: MediaCallback: No active session
2026-02-02 01:02:47,272 [DEBUG] [Dummy-14] [root/media.py:156]: MediaCallback: No active session
2026-02-02 01:02:47,272 [DEBUG] [Dummy-26] [root/media.py:156]: MediaCallback: No active session
2026-02-02 01:02:47,276 [DEBUG] [Dummy-27] [root/media.py:156]: MediaCallback: No active session
2026-02-02 01:06:36,424 [DEBUG] [Dummy-14] [root/media.py:156]: MediaCallback: No active session
2026-02-02 01:06:36,425 [DEBUG] [Dummy-28] [root/media.py:156]: MediaCallback: No active session
2026-02-02 01:06:36,426 [DEBUG] [Dummy-29] [root/media.py:156]: MediaCallback: No active session
2026-02-02 01:06:36,432 [DEBUG] [Dummy-30] [root/media.py:156]: MediaCallback: No active session
2026-02-02 01:10:29,716 [DEBUG] [Dummy-31] [root/media.py:156]: MediaCallback: No active session
2026-02-02 01:10:29,717 [DEBUG] [Dummy-32] [root/media.py:156]: MediaCallback: No active session
2026-02-02 01:10:29,723 [DEBUG] [Dummy-33] [root/media.py:156]: MediaCallback: No active session
2026-02-02 01:10:29,725 [DEBUG] [Dummy-34] [root/media.py:156]: MediaCallback: No active session
2026-02-02 01:10:29,728 [DEBUG] [Dummy-35] [root/media.py:156]: MediaCallback: No active session
2026-02-02 01:14:19,993 [DEBUG] [Dummy-36] [root/media.py:156]: MediaCallback: No active session
2026-02-02 01:14:19,993 [DEBUG] [Dummy-33] [root/media.py:156]: MediaCallback: No active session
2026-02-02 01:14:19,996 [DEBUG] [Dummy-37] [root/media.py:156]: MediaCallback: No active session
2026-02-02 01:18:00,257 [DEBUG] [Dummy-38] [root/media.py:156]: MediaCallback: No active session
2026-02-02 01:18:00,259 [DEBUG] [Dummy-39] [root/media.py:156]: MediaCallback: No active session
2026-02-02 01:18:00,268 [DEBUG] [Dummy-33] [root/media.py:156]: MediaCallback: No active session
2026-02-02 01:18:00,268 [DEBUG] [Dummy-36] [root/media.py:156]: MediaCallback: No active session
2026-02-02 01:20:30,551 [DEBUG] [Dummy-36] [root/media.py:156]: MediaCallback: No active session
2026-02-02 01:20:30,552 [DEBUG] [Dummy-40] [root/media.py:156]: MediaCallback: No active session
2026-02-02 01:25:12,228 [DEBUG] [Dummy-41] [root/media.py:156]: MediaCallback: No active session
2026-02-02 01:25:12,229 [DEBUG] [Dummy-42] [root/media.py:156]: MediaCallback: No active session
2026-02-02 01:25:12,231 [DEBUG] [Dummy-43] [root/media.py:156]: MediaCallback: No active session
2026-02-02 01:25:12,235 [DEBUG] [Dummy-36] [root/media.py:156]: MediaCallback: No active session
2026-02-02 01:25:12,236 [DEBUG] [Dummy-44] [root/media.py:156]: MediaCallback: No active session
2026-02-02 01:25:12,239 [DEBUG] [Dummy-33] [root/media.py:156]: MediaCallback: No active session
2026-02-02 11:36:56,919 [DEBUG] [Dummy-45] [root/media.py:156]: MediaCallback: No active session
2026-02-02 11:37:58,231 [DEBUG] [Dummy-33] [root/media.py:156]: MediaCallback: No active session
2026-02-02 11:38:03,910 [DEBUG] [Dummy-46] [root/media.py:156]: MediaCallback: No active session
2026-02-02 11:38:03,917 [DEBUG] [Dummy-47] [root/media.py:156]: MediaCallback: No active session
2026-02-02 11:38:03,917 [DEBUG] [Dummy-45] [root/media.py:156]: MediaCallback: No active session
2026-02-02 11:38:03,919 [DEBUG] [Dummy-33] [root/media.py:156]: MediaCallback: No active session
2026-02-02 11:52:22,969 [DEBUG] [Dummy-48] [root/media.py:156]: MediaCallback: No active session
2026-02-02 11:52:22,970 [DEBUG] [Dummy-49] [root/media.py:156]: MediaCallback: No active session
2026-02-02 11:52:22,970 [DEBUG] [Dummy-50] [root/media.py:156]: MediaCallback: No active session
2026-02-02 11:52:22,971 [DEBUG] [Dummy-45] [root/media.py:156]: MediaCallback: No active session
2026-02-02 11:52:22,972 [DEBUG] [Dummy-51] [root/media.py:156]: MediaCallback: No active session
2026-02-02 16:00:27,690 [DEBUG] [Dummy-52] [root/media.py:156]: MediaCallback: No active session
2026-02-02 16:01:45,184 [ERROR] [Dummy-52] [core.utils.widgets.media.media/media.py:266]: MediaCallback: Error occurred whilst fetching media properties and thumbnail: [WinError -2147024875] The device is not ready.
2026-02-02 16:30:04,119 [DEBUG] [Dummy-53] [root/media.py:156]: MediaCallback: No active session
2026-02-02 16:30:04,122 [DEBUG] [Dummy-54] [root/media.py:156]: MediaCallback: No active session
2026-02-02 16:30:04,124 [DEBUG] [Dummy-55] [root/media.py:156]: MediaCallback: No active session
2026-02-02 16:30:04,126 [DEBUG] [Dummy-56] [root/media.py:156]: MediaCallback: No active session
2026-02-02 16:30:04,129 [DEBUG] [Dummy-57] [root/media.py:156]: MediaCallback: No active session
2026-02-02 16:33:55,942 [DEBUG] [Dummy-58] [root/media.py:156]: MediaCallback: No active session
2026-02-02 16:33:55,946 [DEBUG] [Dummy-59] [root/media.py:156]: MediaCallback: No active session
2026-02-02 16:33:55,947 [DEBUG] [Dummy-60] [root/media.py:156]: MediaCallback: No active session
2026-02-02 16:33:55,947 [DEBUG] [Dummy-61] [root/media.py:156]: MediaCallback: No active session
2026-02-02 16:33:55,948 [DEBUG] [Dummy-62] [root/media.py:156]: MediaCallback: No active session
2026-02-02 16:33:55,950 [DEBUG] [Dummy-63] [root/media.py:156]: MediaCallback: No active session
2026-02-02 16:37:34,995 [DEBUG] [Dummy-64] [root/media.py:156]: MediaCallback: No active session
2026-02-02 17:37:10,831 [DEBUG] [Dummy-65] [root/media.py:156]: MediaCallback: No active session
2026-02-02 17:37:10,834 [DEBUG] [Dummy-66] [root/media.py:156]: MediaCallback: No active session
2026-02-02 17:37:10,835 [DEBUG] [Dummy-67] [root/media.py:156]: MediaCallback: No active session
2026-02-02 18:03:24,601 [DEBUG] [Dummy-68] [root/media.py:156]: MediaCallback: No active session
2026-02-02 18:03:24,603 [DEBUG] [Dummy-69] [root/media.py:156]: MediaCallback: No active session
2026-02-02 18:03:24,609 [DEBUG] [Dummy-70] [root/media.py:156]: MediaCallback: No active session
2026-02-02 18:03:24,620 [DEBUG] [Dummy-71] [root/media.py:156]: MediaCallback: No active session
2026-02-02 18:04:06,421 [DEBUG] [Dummy-72] [root/media.py:156]: MediaCallback: No active session
2026-02-02 18:04:06,423 [DEBUG] [Dummy-67] [root/media.py:156]: MediaCallback: No active session
2026-02-02 18:04:50,598 [DEBUG] [Dummy-73] [root/media.py:156]: MediaCallback: No active session
2026-02-02 18:04:50,599 [DEBUG] [Dummy-74] [root/media.py:156]: MediaCallback: No active session
2026-02-02 18:04:50,600 [DEBUG] [Dummy-68] [root/media.py:156]: MediaCallback: No active session
2026-02-02 18:05:01,114 [DEBUG] [Dummy-68] [root/media.py:156]: MediaCallback: No active session
2026-02-02 18:05:01,115 [DEBUG] [Dummy-67] [root/media.py:156]: MediaCallback: No active session
2026-02-02 18:05:01,116 [DEBUG] [Dummy-73] [root/media.py:156]: MediaCallback: No active session
2026-02-02 18:05:01,116 [DEBUG] [Dummy-75] [root/media.py:156]: MediaCallback: No active session
2026-02-02 18:05:01,120 [DEBUG] [Dummy-74] [root/media.py:156]: MediaCallback: No active session
2026-02-02 18:05:01,123 [DEBUG] [Dummy-76] [root/media.py:156]: MediaCallback: No active session
2026-02-02 18:13:15,117 [DEBUG] [Dummy-77] [root/media.py:156]: MediaCallback: No active session
2026-02-02 21:36:55,345 [ERROR] [Dummy-73] [core.utils.widgets.media.media/media.py:266]: MediaCallback: Error occurred whilst fetching media properties and thumbnail: [WinError -2147024875] The device is not ready.
2026-02-02 21:37:02,341 [INFO] [MainThread] [root/controller.py:15]: Reloading Bar from context menu...
2026-02-02 21:37:02,449 [INFO] [MainThread] [cli_server/cli_server.py:112]: Log pipe server stopped
2026-02-02 21:37:02,450 [DEBUG] [MainThread] [cli_server/cli_server.py:206]: CLI server stopped
2026-02-02 21:37:02,485 [INFO] [MainThread] [root/bar_manager.py:92]: Stopping WindowsNotificationEventListener...
2026-02-02 21:37:02,514 [DEBUG] [MainThread] [qasync._windows._EventPoller/_windows.py:220]: Stopping worker thread...
2026-02-02 21:37:02,526 [DEBUG] [Dummy-6] [qasync._windows._EventWorker/_windows.py:204]: Exiting thread
2026-02-02 21:37:02,529 [DEBUG] [MainThread] [qasync._windows._IocpProactor/_windows.py:78]: Closing
2026-02-02 21:37:03,070 [INFO] [MainThread] [root/log.py:69]: YASB v1.8.6
2026-02-02 21:37:03,071 [INFO] [Thread-1 (_run_server)] [cli_server/cli_server.py:212]: CLI server started v1.1.4
2026-02-02 21:37:03,072 [INFO] [MainThread] [cli_server/cli_server.py:104]: Log pipe server started
2026-02-02 21:37:03,174 [INFO] [MainThread] [root/main.py:98]: Debug mode enabled.
2026-02-02 21:37:03,314 [DEBUG] [MainThread] [pyvda.build/build.py:53]: Starting feature detection...
2026-02-02 21:37:03,315 [DEBUG] [MainThread] [pyvda.build/build.py:57]: Feature detection complete. Windows version is over 26100
2026-02-02 21:37:05,205 [INFO] [MainThread] [root/traffic.py:99]: Internet checker initialized for interface auto
2026-02-02 21:37:05,232 [INFO] [MainThread] [root/service.py:39]: AudioInputService starting...
2026-02-02 21:37:05,350 [INFO] [MainThread] [root/service.py:48]: AudioOutputService starting...
2026-02-02 21:37:05,464 [INFO] [MainThread] [root/app_bar.py:118]: Bar primary-bar Created on Screen: \\.\DISPLAY1 [Bar Height: 38px, DPI Scale: 1.0]
2026-02-02 21:37:06,609 [INFO] [MainThread] [root/bar_manager.py:85]: Starting WindowsNotificationEventListener...
2026-02-02 21:37:06,612 [INFO] [MainThread] [root/watcher.py:54]: Created file watcher for path C:\Users\monst\.config\yasb
2026-02-02 21:37:06,751 [INFO] [MainThread] [root/update_service.py:409]: Background update checker started
2026-02-02 21:37:06,751 [DEBUG] [MainThread] [qasync._windows._EventPoller/_windows.py:215]: Starting (proactor: <_IocpProactor overlapped#=0 result#=0>)...
2026-02-02 21:37:06,753 [DEBUG] [Dummy-6] [qasync._windows._EventWorker/_windows.py:195]: Thread started
2026-02-02 22:27:13,953 [DEBUG] [Dummy-7] [root/media.py:156]: MediaCallback: No active session
2026-02-02 22:27:13,957 [DEBUG] [Dummy-8] [root/media.py:156]: MediaCallback: No active session
2026-02-02 22:27:13,957 [DEBUG] [Dummy-9] [root/media.py:156]: MediaCallback: No active session
2026-02-02 22:27:13,958 [DEBUG] [Dummy-10] [root/media.py:156]: MediaCallback: No active session
2026-02-02 22:45:48,496 [DEBUG] [Dummy-11] [root/media.py:156]: MediaCallback: No active session
2026-02-02 22:45:48,497 [DEBUG] [Dummy-7] [root/media.py:156]: MediaCallback: No active session
2026-02-02 22:45:48,498 [DEBUG] [Dummy-12] [root/media.py:156]: MediaCallback: No active session
2026-02-02 22:45:48,501 [DEBUG] [Dummy-13] [root/media.py:156]: MediaCallback: No active session
2026-02-02 22:49:37,924 [DEBUG] [Dummy-14] [root/media.py:156]: MediaCallback: No active session
2026-02-02 22:49:37,924 [DEBUG] [Dummy-15] [root/media.py:156]: MediaCallback: No active session
2026-02-02 22:49:37,931 [DEBUG] [Dummy-16] [root/media.py:156]: MediaCallback: No active session
2026-02-02 22:49:37,935 [DEBUG] [Dummy-17] [root/media.py:156]: MediaCallback: No active session
2026-02-02 22:49:37,937 [DEBUG] [Dummy-18] [root/media.py:156]: MediaCallback: No active session
2026-02-02 22:49:37,942 [DEBUG] [Dummy-7] [root/media.py:156]: MediaCallback: No active session
2026-02-03 00:47:09,727 [DEBUG] [Dummy-19] [root/media.py:156]: MediaCallback: No active session
2026-02-03 00:47:09,729 [DEBUG] [Dummy-20] [root/media.py:156]: MediaCallback: No active session
2026-02-03 00:47:09,730 [DEBUG] [Dummy-21] [root/media.py:156]: MediaCallback: No active session
2026-02-03 03:18:23,865 [DEBUG] [Dummy-22] [root/media.py:156]: MediaCallback: No active session
2026-02-03 03:18:23,874 [DEBUG] [Dummy-23] [root/media.py:156]: MediaCallback: No active session
2026-02-03 03:18:23,876 [DEBUG] [Dummy-24] [root/media.py:156]: MediaCallback: No active session
2026-02-03 03:18:23,876 [DEBUG] [Dummy-25] [root/media.py:156]: MediaCallback: No active session
2026-02-03 03:18:23,878 [DEBUG] [Dummy-26] [root/media.py:156]: MediaCallback: No active session
2026-02-03 03:18:51,831 [DEBUG] [Dummy-27] [root/media.py:156]: MediaCallback: No active session
2026-02-03 03:36:01,677 [DEBUG] [Dummy-28] [root/media.py:156]: MediaCallback: No active session
2026-02-03 03:36:01,679 [DEBUG] [Dummy-29] [root/media.py:156]: MediaCallback: No active session
2026-02-03 03:36:01,685 [DEBUG] [Dummy-30] [root/media.py:156]: MediaCallback: No active session
2026-02-03 03:36:01,691 [DEBUG] [Dummy-31] [root/media.py:156]: MediaCallback: No active session
2026-02-03 04:32:34,488 [DEBUG] [Dummy-32] [root/media.py:156]: MediaCallback: No active session
2026-02-03 06:51:32,155 [DEBUG] [Dummy-33] [root/media.py:156]: MediaCallback: No active session
2026-02-03 06:51:32,157 [DEBUG] [Dummy-34] [root/media.py:156]: MediaCallback: No active session
2026-02-03 06:51:32,159 [DEBUG] [Dummy-35] [root/media.py:156]: MediaCallback: No active session
2026-02-03 06:51:32,162 [DEBUG] [Dummy-36] [root/media.py:156]: MediaCallback: No active session
2026-02-03 06:51:32,164 [DEBUG] [Dummy-37] [root/media.py:156]: MediaCallback: No active session
2026-02-03 06:51:32,167 [DEBUG] [Dummy-38] [root/media.py:156]: MediaCallback: No active session
2026-02-03 06:57:36,406 [DEBUG] [Dummy-39] [root/media.py:156]: MediaCallback: No active session
2026-02-03 10:11:18,034 [DEBUG] [Dummy-40] [root/media.py:156]: MediaCallback: No active session
2026-02-03 10:11:18,037 [DEBUG] [Dummy-41] [root/media.py:156]: MediaCallback: No active session
2026-02-03 10:11:18,038 [DEBUG] [Dummy-42] [root/media.py:156]: MediaCallback: No active session
2026-02-03 10:11:18,044 [DEBUG] [Dummy-43] [root/media.py:156]: MediaCallback: No active session
2026-02-03 10:19:37,249 [DEBUG] [Dummy-40] [root/media.py:156]: MediaCallback: No active session
2026-02-03 10:19:37,252 [DEBUG] [Dummy-44] [root/media.py:156]: MediaCallback: No active session
2026-02-03 10:19:37,256 [DEBUG] [Dummy-45] [root/media.py:156]: MediaCallback: No active session
2026-02-03 10:19:37,258 [DEBUG] [Dummy-46] [root/media.py:156]: MediaCallback: No active session
2026-02-03 10:19:37,264 [DEBUG] [Dummy-47] [root/media.py:156]: MediaCallback: No active session
2026-02-03 10:23:16,622 [DEBUG] [Dummy-48] [root/media.py:156]: MediaCallback: No active session
2026-02-03 10:23:16,630 [DEBUG] [Dummy-49] [root/media.py:156]: MediaCallback: No active session
2026-02-03 10:23:16,631 [DEBUG] [Dummy-50] [root/media.py:156]: MediaCallback: No active session
2026-02-03 10:23:16,631 [DEBUG] [Dummy-51] [root/media.py:156]: MediaCallback: No active session
2026-02-03 10:23:16,632 [DEBUG] [Dummy-52] [root/media.py:156]: MediaCallback: No active session
2026-02-03 10:27:11,274 [DEBUG] [Dummy-53] [root/media.py:156]: MediaCallback: No active session
2026-02-03 10:27:11,275 [DEBUG] [Dummy-54] [root/media.py:156]: MediaCallback: No active session
2026-02-03 10:31:20,737 [DEBUG] [Dummy-55] [root/media.py:156]: MediaCallback: No active session
2026-02-03 10:35:09,794 [DEBUG] [Dummy-56] [root/media.py:156]: MediaCallback: No active session
2026-02-03 10:35:09,795 [DEBUG] [Dummy-57] [root/media.py:156]: MediaCallback: No active session
2026-02-03 10:35:09,795 [DEBUG] [Dummy-58] [root/media.py:156]: MediaCallback: No active session
2026-02-03 10:35:09,796 [DEBUG] [Dummy-59] [root/media.py:156]: MediaCallback: No active session
2026-02-03 10:40:39,766 [DEBUG] [Dummy-60] [root/media.py:156]: MediaCallback: No active session
2026-02-03 10:46:03,578 [DEBUG] [Dummy-61] [root/media.py:156]: MediaCallback: No active session
2026-02-03 10:46:03,581 [DEBUG] [Dummy-62] [root/media.py:156]: MediaCallback: No active session
2026-02-03 10:51:10,092 [DEBUG] [Dummy-62] [root/media.py:156]: MediaCallback: No active session
2026-02-03 15:15:46,990 [DEBUG] [Dummy-63] [root/media.py:156]: MediaCallback: No active session
2026-02-03 15:15:46,992 [DEBUG] [Dummy-64] [root/media.py:156]: MediaCallback: No active session
2026-02-03 15:15:46,996 [DEBUG] [Dummy-65] [root/media.py:156]: MediaCallback: No active session
2026-02-03 15:15:46,999 [DEBUG] [Dummy-66] [root/media.py:156]: MediaCallback: No active session
2026-02-03 19:37:10,088 [INFO] [MainThread] [root/log.py:69]: YASB v1.8.6
2026-02-03 19:37:10,089 [INFO] [Thread-1 (_run_server)] [cli_server/cli_server.py:212]: CLI server started v1.1.4
2026-02-03 19:37:10,090 [INFO] [MainThread] [cli_server/cli_server.py:104]: Log pipe server started
2026-02-03 19:37:10,227 [INFO] [MainThread] [root/main.py:98]: Debug mode enabled.
2026-02-03 19:37:10,327 [DEBUG] [MainThread] [pyvda.build/build.py:53]: Starting feature detection...
2026-02-03 19:37:10,328 [DEBUG] [MainThread] [pyvda.build/build.py:57]: Feature detection complete. Windows version is over 26100
2026-02-03 19:37:11,805 [DEBUG] [MainThread] [root/media.py:156]: MediaCallback: No active session
2026-02-03 19:37:11,849 [ERROR] [MainThread] [root/traffic_manager.py:163]: Error loading traffic data for interface auto: Expecting value: line 1 column 1 (char 0)
2026-02-03 19:37:11,871 [INFO] [MainThread] [root/traffic.py:99]: Internet checker initialized for interface auto
2026-02-03 19:37:11,910 [INFO] [MainThread] [root/service.py:39]: AudioInputService starting...
2026-02-03 19:37:12,044 [INFO] [MainThread] [root/service.py:48]: AudioOutputService starting...
2026-02-03 19:37:12,138 [INFO] [MainThread] [root/app_bar.py:118]: Bar primary-bar Created on Screen: \\.\DISPLAY1 [Bar Height: 38px, DPI Scale: 1.0]
2026-02-03 19:37:13,109 [INFO] [MainThread] [root/bar_manager.py:85]: Starting WindowsNotificationEventListener...
2026-02-03 19:37:13,111 [INFO] [MainThread] [root/watcher.py:54]: Created file watcher for path C:\Users\monst\.config\yasb
2026-02-03 19:37:13,351 [INFO] [MainThread] [root/update_service.py:409]: Background update checker started
2026-02-03 19:37:13,351 [DEBUG] [MainThread] [qasync._windows._EventPoller/_windows.py:215]: Starting (proactor: <_IocpProactor overlapped#=0 result#=0>)...
2026-02-03 19:37:14,237 [DEBUG] [Dummy-6] [qasync._windows._EventWorker/_windows.py:195]: Thread started
2026-02-03 19:37:15,262 [DEBUG] [MainThread] [root/media.py:156]: MediaCallback: No active session
2026-02-03 21:32:41,123 [DEBUG] [Dummy-7] [root/media.py:156]: MediaCallback: No active session
2026-02-03 21:32:41,126 [DEBUG] [Dummy-8] [root/media.py:156]: MediaCallback: No active session
2026-02-03 21:32:41,129 [DEBUG] [Dummy-9] [root/media.py:156]: MediaCallback: No active session
2026-02-03 23:36:22,352 [DEBUG] [Dummy-10] [root/media.py:156]: MediaCallback: No active session
2026-02-03 23:36:22,354 [DEBUG] [Dummy-11] [root/media.py:156]: MediaCallback: No active session
2026-02-03 23:36:22,357 [DEBUG] [Dummy-12] [root/media.py:156]: MediaCallback: No active session
2026-02-03 23:36:22,360 [DEBUG] [Dummy-13] [root/media.py:156]: MediaCallback: No active session
2026-02-03 23:36:22,361 [DEBUG] [Dummy-14] [root/media.py:156]: MediaCallback: No active session
2026-02-03 23:36:22,363 [DEBUG] [Dummy-15] [root/media.py:156]: MediaCallback: No active session
2026-02-04 08:09:20,319 [DEBUG] [Dummy-16] [root/media.py:156]: MediaCallback: No active session
2026-02-04 08:09:20,322 [DEBUG] [Dummy-17] [root/media.py:156]: MediaCallback: No active session
2026-02-04 08:09:20,325 [DEBUG] [Dummy-18] [root/media.py:156]: MediaCallback: No active session
2026-02-04 08:09:20,329 [DEBUG] [Dummy-19] [root/media.py:156]: MediaCallback: No active session
2026-02-04 08:09:30,162 [INFO] [MainThread] [root/bar_manager.py:92]: Stopping WindowsNotificationEventListener...
2026-02-04 12:11:21,329 [INFO] [MainThread] [root/log.py:69]: YASB v1.8.6
2026-02-04 12:11:21,331 [INFO] [Thread-1 (_run_server)] [cli_server/cli_server.py:212]: CLI server started v1.1.4
2026-02-04 12:11:21,332 [INFO] [MainThread] [cli_server/cli_server.py:104]: Log pipe server started
2026-02-04 12:11:21,498 [INFO] [MainThread] [root/main.py:98]: Debug mode enabled.
2026-02-04 12:11:21,623 [DEBUG] [MainThread] [pyvda.build/build.py:53]: Starting feature detection...
2026-02-04 12:11:21,623 [DEBUG] [MainThread] [pyvda.build/build.py:57]: Feature detection complete. Windows version is over 26100
2026-02-04 12:11:22,957 [DEBUG] [MainThread] [root/media.py:156]: MediaCallback: No active session
2026-02-04 12:11:23,029 [INFO] [MainThread] [root/traffic.py:99]: Internet checker initialized for interface auto
2026-02-04 12:11:23,077 [INFO] [MainThread] [root/service.py:39]: AudioInputService starting...
2026-02-04 12:11:23,238 [INFO] [MainThread] [root/service.py:48]: AudioOutputService starting...
2026-02-04 12:11:23,385 [INFO] [MainThread] [root/app_bar.py:118]: Bar primary-bar Created on Screen: \\.\DISPLAY1 [Bar Height: 38px, DPI Scale: 1.0]
2026-02-04 12:11:24,032 [INFO] [MainThread] [root/bar_manager.py:85]: Starting WindowsNotificationEventListener...
2026-02-04 12:11:24,035 [INFO] [MainThread] [root/watcher.py:54]: Created file watcher for path C:\Users\monst\.config\yasb
2026-02-04 12:11:24,198 [INFO] [MainThread] [root/update_service.py:409]: Background update checker started
2026-02-04 12:11:24,199 [DEBUG] [MainThread] [qasync._windows._EventPoller/_windows.py:215]: Starting (proactor: <_IocpProactor overlapped#=0 result#=0>)...
2026-02-04 12:11:24,203 [DEBUG] [Dummy-6] [qasync._windows._EventWorker/_windows.py:195]: Thread started
2026-02-04 12:11:24,415 [DEBUG] [MainThread] [root/media.py:156]: MediaCallback: No active session
2026-02-04 12:13:06,816 [INFO] [MainThread] [root/controller.py:35]: Exiting Application from tray...
2026-02-04 12:13:06,919 [INFO] [MainThread] [cli_server/cli_server.py:112]: Log pipe server stopped
2026-02-04 12:13:06,919 [DEBUG] [MainThread] [cli_server/cli_server.py:206]: CLI server stopped
2026-02-04 12:13:07,568 [INFO] [MainThread] [root/bar_manager.py:92]: Stopping WindowsNotificationEventListener...
2026-02-04 12:13:07,607 [DEBUG] [MainThread] [qasync._windows._EventPoller/_windows.py:220]: Stopping worker thread...
2026-02-04 12:13:07,616 [DEBUG] [Dummy-6] [qasync._windows._EventWorker/_windows.py:204]: Exiting thread
2026-02-04 12:13:07,622 [DEBUG] [MainThread] [qasync._windows._IocpProactor/_windows.py:78]: Closing
2026-02-04 12:26:42,192 [INFO] [MainThread] [root/log.py:69]: YASB v1.8.6
2026-02-04 12:26:42,193 [INFO] [Thread-1 (_run_server)] [cli_server/cli_server.py:212]: CLI server started v1.1.4
2026-02-04 12:26:42,194 [INFO] [MainThread] [cli_server/cli_server.py:104]: Log pipe server started
2026-02-04 12:26:42,284 [INFO] [MainThread] [root/main.py:98]: Debug mode enabled.
2026-02-04 12:26:42,383 [DEBUG] [MainThread] [pyvda.build/build.py:53]: Starting feature detection...
2026-02-04 12:26:42,384 [DEBUG] [MainThread] [pyvda.build/build.py:57]: Feature detection complete. Windows version is over 26100
2026-02-04 12:26:43,151 [INFO] [MainThread] [root/traffic.py:99]: Internet checker initialized for interface auto
2026-02-04 12:26:43,186 [INFO] [MainThread] [root/service.py:39]: AudioInputService starting...
2026-02-04 12:26:43,303 [INFO] [MainThread] [root/service.py:48]: AudioOutputService starting...
2026-02-04 12:26:43,359 [INFO] [MainThread] [root/app_bar.py:118]: Bar primary-bar Created on Screen: \\.\DISPLAY1 [Bar Height: 38px, DPI Scale: 1.0]
2026-02-04 12:26:44,592 [INFO] [MainThread] [root/bar_manager.py:85]: Starting WindowsNotificationEventListener...
2026-02-04 12:26:44,596 [INFO] [MainThread] [root/watcher.py:54]: Created file watcher for path C:\Users\monst\.config\yasb
2026-02-04 12:26:44,753 [INFO] [MainThread] [root/update_service.py:409]: Background update checker started
2026-02-04 12:26:44,753 [DEBUG] [MainThread] [qasync._windows._EventPoller/_windows.py:215]: Starting (proactor: <_IocpProactor overlapped#=0 result#=0>)...
2026-02-04 12:26:44,756 [DEBUG] [Dummy-6] [qasync._windows._EventWorker/_windows.py:195]: Thread started
2026-02-04 20:24:44,102 [DEBUG] [Dummy-7] [root/media.py:156]: MediaCallback: No active session
2026-02-05 01:05:44,045 [DEBUG] [Dummy-8] [root/media.py:156]: MediaCallback: No active session
2026-02-05 22:01:26,670 [DEBUG] [Dummy-9] [root/media.py:156]: MediaCallback: No active session
2026-02-05 22:01:26,671 [DEBUG] [Dummy-10] [root/media.py:156]: MediaCallback: No active session
2026-02-05 22:01:26,675 [DEBUG] [Dummy-11] [root/media.py:156]: MediaCallback: No active session
2026-02-05 22:01:26,681 [DEBUG] [Dummy-12] [root/media.py:156]: MediaCallback: No active session
2026-02-05 22:07:22,870 [DEBUG] [Dummy-13] [root/media.py:156]: MediaCallback: No active session
2026-02-05 22:07:22,871 [DEBUG] [Dummy-14] [root/media.py:156]: MediaCallback: No active session
2026-02-05 22:07:22,875 [DEBUG] [Dummy-15] [root/media.py:156]: MediaCallback: No active session
2026-02-05 22:07:22,877 [DEBUG] [Dummy-16] [root/media.py:156]: MediaCallback: No active session
2026-02-05 22:07:22,879 [DEBUG] [Dummy-17] [root/media.py:156]: MediaCallback: No active session
2026-02-05 22:07:22,882 [DEBUG] [Dummy-18] [root/media.py:156]: MediaCallback: No active session
2026-02-05 22:13:39,523 [DEBUG] [Dummy-19] [root/media.py:156]: MediaCallback: No active session
2026-02-05 22:13:39,524 [DEBUG] [Dummy-20] [root/media.py:156]: MediaCallback: No active session
2026-02-05 22:13:39,528 [DEBUG] [Dummy-21] [root/media.py:156]: MediaCallback: No active session
2026-02-05 22:13:39,532 [DEBUG] [Dummy-22] [root/media.py:156]: MediaCallback: No active session
2026-02-05 22:13:39,533 [DEBUG] [Dummy-23] [root/media.py:156]: MediaCallback: No active session
2026-02-05 22:13:39,534 [DEBUG] [Dummy-24] [root/media.py:156]: MediaCallback: No active session
2026-02-05 22:18:24,918 [DEBUG] [Dummy-24] [root/media.py:156]: MediaCallback: No active session
2026-02-05 22:18:24,919 [DEBUG] [Dummy-25] [root/media.py:156]: MediaCallback: No active session
2026-02-05 22:18:35,824 [DEBUG] [Dummy-26] [root/media.py:156]: MediaCallback: No active session
2026-02-05 22:18:35,825 [DEBUG] [Dummy-27] [root/media.py:156]: MediaCallback: No active session
2026-02-05 22:18:35,826 [DEBUG] [Dummy-28] [root/media.py:156]: MediaCallback: No active session
2026-02-05 22:18:35,831 [DEBUG] [Dummy-26] [root/media.py:156]: MediaCallback: No active session
2026-02-05 22:24:46,551 [DEBUG] [Dummy-29] [root/media.py:156]: MediaCallback: No active session
2026-02-05 22:24:46,552 [DEBUG] [Dummy-30] [root/media.py:156]: MediaCallback: No active session
2026-02-05 22:24:46,555 [DEBUG] [Dummy-27] [root/media.py:156]: MediaCallback: No active session
2026-02-05 22:24:46,556 [DEBUG] [Dummy-31] [root/media.py:156]: MediaCallback: No active session
2026-02-05 22:24:46,556 [DEBUG] [Dummy-32] [root/media.py:156]: MediaCallback: No active session
2026-02-05 22:39:13,381 [DEBUG] [Dummy-33] [root/media.py:156]: MediaCallback: No active session
2026-02-05 22:39:13,382 [DEBUG] [Dummy-34] [root/media.py:156]: MediaCallback: No active session
2026-02-05 22:39:13,384 [DEBUG] [Dummy-35] [root/media.py:156]: MediaCallback: No active session
2026-02-05 22:39:13,386 [DEBUG] [Dummy-36] [root/media.py:156]: MediaCallback: No active session
2026-02-05 22:39:13,390 [DEBUG] [Dummy-37] [root/media.py:156]: MediaCallback: No active session
2026-02-05 22:39:13,393 [DEBUG] [Dummy-38] [root/media.py:156]: MediaCallback: No active session
2026-02-05 22:43:06,392 [DEBUG] [Dummy-39] [root/media.py:156]: MediaCallback: No active session
2026-02-05 22:43:06,393 [DEBUG] [Dummy-40] [root/media.py:156]: MediaCallback: No active session
2026-02-05 22:43:06,397 [DEBUG] [Dummy-41] [root/media.py:156]: MediaCallback: No active session
2026-02-05 22:47:42,531 [DEBUG] [Dummy-42] [root/media.py:156]: MediaCallback: No active session
2026-02-05 22:47:42,534 [DEBUG] [Dummy-43] [root/media.py:156]: MediaCallback: No active session
2026-02-05 22:52:03,463 [DEBUG] [Dummy-44] [root/media.py:156]: MediaCallback: No active session
2026-02-05 22:52:03,465 [DEBUG] [Dummy-45] [root/media.py:156]: MediaCallback: No active session
2026-02-05 22:52:03,470 [DEBUG] [Dummy-46] [root/media.py:156]: MediaCallback: No active session
2026-02-05 22:52:03,475 [DEBUG] [Dummy-47] [root/media.py:156]: MediaCallback: No active session
2026-02-05 22:52:03,476 [DEBUG] [Dummy-48] [root/media.py:156]: MediaCallback: No active session
2026-02-05 22:52:03,476 [DEBUG] [Dummy-49] [root/media.py:156]: MediaCallback: No active session
2026-02-05 22:56:27,136 [DEBUG] [Dummy-50] [root/media.py:156]: MediaCallback: No active session
2026-02-05 22:56:27,137 [DEBUG] [Dummy-51] [root/media.py:156]: MediaCallback: No active session
2026-02-05 22:57:45,813 [DEBUG] [Dummy-52] [root/media.py:156]: MediaCallback: No active session
2026-02-05 22:57:45,816 [DEBUG] [Dummy-53] [root/media.py:156]: MediaCallback: No active session
2026-02-05 22:57:45,822 [DEBUG] [Dummy-54] [root/media.py:156]: MediaCallback: No active session
2026-02-05 22:57:45,828 [DEBUG] [Dummy-55] [root/media.py:156]: MediaCallback: No active session
2026-02-05 22:57:45,828 [DEBUG] [Dummy-56] [root/media.py:156]: MediaCallback: No active session
2026-02-05 23:01:05,847 [DEBUG] [Dummy-57] [root/media.py:156]: MediaCallback: No active session
2026-02-05 23:01:05,848 [DEBUG] [Dummy-58] [root/media.py:156]: MediaCallback: No active session
2026-02-05 23:01:05,851 [DEBUG] [Dummy-56] [root/media.py:156]: MediaCallback: No active session
2026-02-05 23:01:05,855 [DEBUG] [Dummy-59] [root/media.py:156]: MediaCallback: No active session
2026-02-05 23:01:05,856 [DEBUG] [Dummy-60] [root/media.py:156]: MediaCallback: No active session
2026-02-05 23:01:05,862 [DEBUG] [Dummy-61] [root/media.py:156]: MediaCallback: No active session
2026-02-05 23:04:27,453 [DEBUG] [Dummy-62] [root/media.py:156]: MediaCallback: No active session
2026-02-05 23:04:27,454 [DEBUG] [Dummy-63] [root/media.py:156]: MediaCallback: No active session
2026-02-05 23:04:27,458 [DEBUG] [Dummy-64] [root/media.py:156]: MediaCallback: No active session
2026-02-05 23:04:27,462 [DEBUG] [Dummy-56] [root/media.py:156]: MediaCallback: No active session
2026-02-06 02:03:47,200 [DEBUG] [Dummy-65] [root/media.py:156]: MediaCallback: No active session
2026-02-06 02:04:11,177 [DEBUG] [Dummy-66] [root/media.py:156]: MediaCallback: No active session
2026-02-06 02:04:11,185 [DEBUG] [Dummy-65] [root/media.py:156]: MediaCallback: No active session
2026-02-06 02:04:11,190 [DEBUG] [Dummy-67] [root/media.py:156]: MediaCallback: No active session
2026-02-06 02:04:42,102 [INFO] [MainThread] [root/bar_manager.py:92]: Stopping WindowsNotificationEventListener...
2026-02-06 10:26:45,961 [INFO] [MainThread] [root/log.py:69]: YASB v1.8.6
2026-02-06 10:26:45,969 [INFO] [Thread-1 (_run_server)] [cli_server/cli_server.py:212]: CLI server started v1.1.4
2026-02-06 10:26:45,969 [INFO] [MainThread] [cli_server/cli_server.py:104]: Log pipe server started
2026-02-06 10:26:46,079 [INFO] [MainThread] [root/main.py:98]: Debug mode enabled.
2026-02-06 10:26:46,183 [DEBUG] [MainThread] [pyvda.build/build.py:53]: Starting feature detection...
2026-02-06 10:26:46,183 [DEBUG] [MainThread] [pyvda.build/build.py:57]: Feature detection complete. Windows version is over 26100
2026-02-06 10:26:50,668 [DEBUG] [MainThread] [root/media.py:156]: MediaCallback: No active session
2026-02-06 10:26:50,729 [INFO] [MainThread] [root/traffic.py:99]: Internet checker initialized for interface auto
2026-02-06 10:26:50,774 [INFO] [MainThread] [root/service.py:39]: AudioInputService starting...
2026-02-06 10:26:50,997 [INFO] [MainThread] [root/service.py:48]: AudioOutputService starting...
2026-02-06 10:26:51,117 [INFO] [MainThread] [root/app_bar.py:118]: Bar primary-bar Created on Screen: \\.\DISPLAY1 [Bar Height: 38px, DPI Scale: 1.0]
2026-02-06 10:26:51,765 [INFO] [MainThread] [root/bar_manager.py:85]: Starting WindowsNotificationEventListener...
2026-02-06 10:26:51,767 [INFO] [MainThread] [root/watcher.py:54]: Created file watcher for path C:\Users\monst\.config\yasb
2026-02-06 10:26:51,905 [INFO] [MainThread] [root/update_service.py:409]: Background update checker started
2026-02-06 10:26:51,906 [DEBUG] [MainThread] [qasync._windows._EventPoller/_windows.py:215]: Starting (proactor: <_IocpProactor overlapped#=0 result#=0>)...
2026-02-06 10:26:51,909 [DEBUG] [Dummy-6] [qasync._windows._EventWorker/_windows.py:195]: Thread started
2026-02-06 10:26:52,062 [DEBUG] [MainThread] [root/media.py:156]: MediaCallback: No active session
2026-02-06 10:27:28,969 [INFO] [MainThread] [root/controller.py:35]: Exiting Application from tray...
2026-02-06 10:27:29,079 [INFO] [MainThread] [cli_server/cli_server.py:112]: Log pipe server stopped
2026-02-06 10:27:29,079 [DEBUG] [MainThread] [cli_server/cli_server.py:206]: CLI server stopped
2026-02-06 10:27:29,609 [INFO] [MainThread] [root/bar_manager.py:92]: Stopping WindowsNotificationEventListener...
2026-02-06 10:27:29,628 [DEBUG] [MainThread] [qasync._windows._EventPoller/_windows.py:220]: Stopping worker thread...
2026-02-06 10:27:29,629 [DEBUG] [Dummy-6] [qasync._windows._EventWorker/_windows.py:204]: Exiting thread
2026-02-06 10:27:29,633 [DEBUG] [MainThread] [qasync._windows._IocpProactor/_windows.py:78]: Closing
2026-02-06 10:28:56,073 [INFO] [MainThread] [root/log.py:69]: YASB v1.8.7
2026-02-06 10:28:56,074 [INFO] [CLIPipeServer] [cli_server/cli_server.py:215]: CLI server started v1.1.5
2026-02-06 10:28:56,074 [INFO] [MainThread] [cli_server/cli_server.py:106]: Log pipe server started
2026-02-06 10:28:56,120 [DEBUG] [MainThread] [qasync._windows._EventPoller/_windows.py:215]: Starting (proactor: <_IocpProactor overlapped#=0 result#=0>)...
2026-02-06 10:28:56,121 [DEBUG] [Dummy-3] [qasync._windows._EventWorker/_windows.py:195]: Thread started
2026-02-06 10:28:56,172 [INFO] [MainThread] [root/main.py:119]: Debug mode enabled.
2026-02-06 10:28:56,321 [DEBUG] [MainThread] [pyvda.build/build.py:53]: Starting feature detection...
2026-02-06 10:28:56,322 [DEBUG] [MainThread] [pyvda.build/build.py:57]: Feature detection complete. Windows version is over 26100
2026-02-06 10:28:57,144 [INFO] [MainThread] [root/traffic.py:99]: Internet checker initialized for interface auto
2026-02-06 10:28:57,174 [INFO] [MainThread] [root/service.py:41]: AudioInputService starting...
2026-02-06 10:28:57,366 [INFO] [MainThread] [root/service.py:52]: AudioOutputService starting...
2026-02-06 10:28:57,439 [INFO] [MainThread] [root/app_bar.py:118]: Bar primary-bar Created on Screen: \\.\DISPLAY1 [Bar Height: 38px, DPI Scale: 1.0]
2026-02-06 10:28:58,036 [INFO] [MainThread] [root/bar_manager.py:85]: Starting WindowsNotificationEventListener...
2026-02-06 10:28:58,037 [INFO] [MainThread] [root/watcher.py:54]: Created file watcher for path C:\Users\monst\.config\yasb
2026-02-06 10:28:58,204 [INFO] [MainThread] [root/update_service.py:426]: Background update checker started
2026-02-06 10:42:51,109 [INFO] [MainThread] [root/log.py:69]: YASB v1.8.7
2026-02-06 10:42:51,110 [INFO] [CLIPipeServer] [cli_server/cli_server.py:215]: CLI server started v1.1.5
2026-02-06 10:42:51,111 [INFO] [MainThread] [cli_server/cli_server.py:106]: Log pipe server started
2026-02-06 10:42:51,140 [DEBUG] [MainThread] [qasync._windows._EventPoller/_windows.py:215]: Starting (proactor: <_IocpProactor overlapped#=0 result#=0>)...
2026-02-06 10:42:51,141 [DEBUG] [Dummy-3] [qasync._windows._EventWorker/_windows.py:195]: Thread started
2026-02-06 10:42:51,222 [INFO] [MainThread] [root/main.py:119]: Debug mode enabled.
2026-02-06 10:42:51,392 [DEBUG] [MainThread] [pyvda.build/build.py:53]: Starting feature detection...
2026-02-06 10:42:51,393 [DEBUG] [MainThread] [pyvda.build/build.py:57]: Feature detection complete. Windows version is over 26100
2026-02-06 10:42:52,265 [INFO] [MainThread] [root/traffic.py:99]: Internet checker initialized for interface auto
2026-02-06 10:42:52,293 [INFO] [MainThread] [root/service.py:41]: AudioInputService starting...
2026-02-06 10:42:52,466 [INFO] [MainThread] [root/service.py:52]: AudioOutputService starting...
2026-02-06 10:42:52,550 [INFO] [MainThread] [root/app_bar.py:118]: Bar primary-bar Created on Screen: \\.\DISPLAY1 [Bar Height: 38px, DPI Scale: 1.0]
2026-02-06 10:42:53,697 [INFO] [MainThread] [root/bar_manager.py:85]: Starting WindowsNotificationEventListener...
2026-02-06 10:42:53,700 [INFO] [MainThread] [root/watcher.py:54]: Created file watcher for path C:\Users\monst\.config\yasb
2026-02-06 10:42:53,843 [INFO] [MainThread] [root/update_service.py:426]: Background update checker started
2026-02-09 19:44:39,737 [INFO] [MainThread] [root/bar_manager.py:92]: Stopping WindowsNotificationEventListener...
2026-02-09 19:46:06,941 [INFO] [MainThread] [root/log.py:69]: YASB v1.8.7
2026-02-09 19:46:06,942 [INFO] [CLIPipeServer] [cli_server/cli_server.py:215]: CLI server started v1.1.5
2026-02-09 19:46:06,943 [INFO] [MainThread] [cli_server/cli_server.py:106]: Log pipe server started
2026-02-09 19:46:06,971 [DEBUG] [MainThread] [qasync._windows._EventPoller/_windows.py:215]: Starting (proactor: <_IocpProactor overlapped#=0 result#=0>)...
2026-02-09 19:46:06,972 [DEBUG] [Dummy-3] [qasync._windows._EventWorker/_windows.py:195]: Thread started
2026-02-09 19:46:07,070 [INFO] [MainThread] [root/main.py:119]: Debug mode enabled.
2026-02-09 19:46:07,243 [DEBUG] [MainThread] [pyvda.build/build.py:53]: Starting feature detection...
2026-02-09 19:46:07,244 [DEBUG] [MainThread] [pyvda.build/build.py:57]: Feature detection complete. Windows version is over 26100
2026-02-09 19:46:09,262 [INFO] [MainThread] [root/traffic.py:99]: Internet checker initialized for interface auto
2026-02-09 19:46:09,306 [INFO] [MainThread] [root/service.py:41]: AudioInputService starting...
2026-02-09 19:46:09,522 [INFO] [MainThread] [root/service.py:52]: AudioOutputService starting...
2026-02-09 19:46:09,626 [INFO] [MainThread] [root/app_bar.py:118]: Bar primary-bar Created on Screen: \\.\DISPLAY1 [Bar Height: 38px, DPI Scale: 1.0]
2026-02-09 19:46:10,252 [INFO] [MainThread] [root/bar_manager.py:85]: Starting WindowsNotificationEventListener...
2026-02-09 19:46:10,254 [INFO] [MainThread] [root/watcher.py:54]: Created file watcher for path C:\Users\monst\.config\yasb
2026-02-09 19:46:10,403 [INFO] [MainThread] [root/update_service.py:426]: Background update checker started
2026-02-10 18:11:06,084 [INFO] [MainThread] [root/log.py:69]: YASB v1.8.7
2026-02-10 18:11:06,085 [INFO] [CLIPipeServer] [cli_server/cli_server.py:215]: CLI server started v1.1.5
2026-02-10 18:11:06,085 [INFO] [MainThread] [cli_server/cli_server.py:106]: Log pipe server started
2026-02-10 18:11:06,113 [DEBUG] [MainThread] [qasync._windows._EventPoller/_windows.py:215]: Starting (proactor: <_IocpProactor overlapped#=0 result#=0>)...
2026-02-10 18:11:06,115 [DEBUG] [Dummy-3] [qasync._windows._EventWorker/_windows.py:195]: Thread started
2026-02-10 18:11:06,213 [INFO] [MainThread] [root/main.py:119]: Debug mode enabled.
2026-02-10 18:11:06,349 [DEBUG] [MainThread] [pyvda.build/build.py:53]: Starting feature detection...
2026-02-10 18:11:06,349 [DEBUG] [MainThread] [pyvda.build/build.py:57]: Feature detection complete. Windows version is over 26100
2026-02-10 18:11:07,476 [ERROR] [MainThread] [root/traffic_manager.py:163]: Error loading traffic data for interface auto: Expecting value: line 1 column 1 (char 0)
2026-02-10 18:11:07,494 [INFO] [MainThread] [root/traffic.py:99]: Internet checker initialized for interface auto
2026-02-10 18:11:07,532 [INFO] [MainThread] [root/service.py:41]: AudioInputService starting...
2026-02-10 18:11:07,779 [INFO] [MainThread] [root/service.py:52]: AudioOutputService starting...
2026-02-10 18:11:07,874 [INFO] [MainThread] [root/app_bar.py:118]: Bar primary-bar Created on Screen: \\.\DISPLAY1 [Bar Height: 38px, DPI Scale: 1.0]
2026-02-10 18:11:08,478 [INFO] [MainThread] [root/bar_manager.py:85]: Starting WindowsNotificationEventListener...
2026-02-10 18:11:08,480 [INFO] [MainThread] [root/watcher.py:54]: Created file watcher for path C:\Users\monst\.config\yasb
2026-02-10 18:11:08,926 [INFO] [MainThread] [root/update_service.py:426]: Background update checker started
2026-02-12 19:01:16,454 [INFO] [MainThread] [root/log.py:69]: YASB v1.8.7
2026-02-12 19:01:16,455 [INFO] [CLIPipeServer] [cli_server/cli_server.py:215]: CLI server started v1.1.5
2026-02-12 19:01:16,455 [INFO] [MainThread] [cli_server/cli_server.py:106]: Log pipe server started
2026-02-12 19:01:16,483 [DEBUG] [MainThread] [qasync._windows._EventPoller/_windows.py:215]: Starting (proactor: <_IocpProactor overlapped#=0 result#=0>)...
2026-02-12 19:01:16,485 [DEBUG] [Dummy-3] [qasync._windows._EventWorker/_windows.py:195]: Thread started
2026-02-12 19:01:16,577 [INFO] [MainThread] [root/main.py:119]: Debug mode enabled.
2026-02-12 19:01:16,716 [DEBUG] [MainThread] [pyvda.build/build.py:53]: Starting feature detection...
2026-02-12 19:01:16,716 [DEBUG] [MainThread] [pyvda.build/build.py:57]: Feature detection complete. Windows version is over 26100
2026-02-12 19:01:18,227 [INFO] [MainThread] [root/traffic.py:99]: Internet checker initialized for interface auto
2026-02-12 19:01:18,267 [INFO] [MainThread] [root/service.py:41]: AudioInputService starting...
2026-02-12 19:01:18,520 [INFO] [MainThread] [root/service.py:52]: AudioOutputService starting...
2026-02-12 19:01:18,652 [INFO] [MainThread] [root/app_bar.py:118]: Bar primary-bar Created on Screen: \\.\DISPLAY1 [Bar Height: 38px, DPI Scale: 1.0]
2026-02-12 19:01:19,435 [INFO] [MainThread] [root/bar_manager.py:85]: Starting WindowsNotificationEventListener...
2026-02-12 19:01:19,437 [INFO] [MainThread] [root/watcher.py:54]: Created file watcher for path C:\Users\monst\.config\yasb
2026-02-12 19:01:19,575 [INFO] [MainThread] [root/update_service.py:426]: Background update checker started
2026-02-12 21:16:04,121 [INFO] [MainThread] [root/log.py:69]: YASB v1.8.7
2026-02-12 21:16:04,122 [INFO] [CLIPipeServer] [cli_server/cli_server.py:215]: CLI server started v1.1.5
2026-02-12 21:16:04,123 [INFO] [MainThread] [cli_server/cli_server.py:106]: Log pipe server started
2026-02-12 21:16:04,123 [ERROR] [MainThread] [root/main.py:75]: Another instance of the YASB is already running.
2026-02-12 22:00:11,365 [INFO] [MainThread] [root/controller.py:16]: Reloading Bar from context menu...
2026-02-12 22:00:11,481 [INFO] [MainThread] [cli_server/cli_server.py:114]: Log pipe server stopped
2026-02-12 22:00:11,481 [DEBUG] [MainThread] [cli_server/cli_server.py:209]: CLI server stopped
2026-02-12 22:00:11,509 [INFO] [MainThread] [root/bar_manager.py:92]: Stopping WindowsNotificationEventListener...
2026-02-12 22:00:12,010 [INFO] [MainThread] [root/log.py:69]: YASB v1.8.7
2026-02-12 22:00:12,011 [INFO] [CLIPipeServer] [cli_server/cli_server.py:215]: CLI server started v1.1.5
2026-02-12 22:00:12,011 [INFO] [MainThread] [cli_server/cli_server.py:106]: Log pipe server started
2026-02-12 22:00:12,043 [DEBUG] [MainThread] [qasync._windows._EventPoller/_windows.py:215]: Starting (proactor: <_IocpProactor overlapped#=0 result#=0>)...
2026-02-12 22:00:12,045 [DEBUG] [Dummy-3] [qasync._windows._EventWorker/_windows.py:195]: Thread started
2026-02-12 22:00:12,136 [INFO] [MainThread] [root/main.py:119]: Debug mode enabled.
2026-02-12 22:00:12,372 [DEBUG] [MainThread] [pyvda.build/build.py:53]: Starting feature detection...
2026-02-12 22:00:12,373 [DEBUG] [MainThread] [pyvda.build/build.py:57]: Feature detection complete. Windows version is over 26100
2026-02-12 22:00:13,825 [INFO] [MainThread] [root/traffic.py:99]: Internet checker initialized for interface auto
2026-02-12 22:00:13,859 [INFO] [MainThread] [root/service.py:41]: AudioInputService starting...
2026-02-12 22:00:14,065 [INFO] [MainThread] [root/service.py:52]: AudioOutputService starting...
2026-02-12 22:00:14,156 [INFO] [MainThread] [root/app_bar.py:118]: Bar primary-bar Created on Screen: \\.\DISPLAY1 [Bar Height: 38px, DPI Scale: 1.0]
2026-02-12 22:00:15,433 [INFO] [MainThread] [root/bar_manager.py:85]: Starting WindowsNotificationEventListener...
2026-02-12 22:00:15,436 [INFO] [MainThread] [root/watcher.py:54]: Created file watcher for path C:\Users\monst\.config\yasb
2026-02-12 22:00:15,611 [INFO] [MainThread] [root/update_service.py:426]: Background update checker started
2026-02-13 23:42:05,450 [INFO] [MainThread] [root/log.py:69]: YASB v1.8.7
2026-02-13 23:42:05,452 [INFO] [CLIPipeServer] [cli_server/cli_server.py:215]: CLI server started v1.1.5
2026-02-13 23:42:05,452 [INFO] [MainThread] [cli_server/cli_server.py:106]: Log pipe server started
2026-02-13 23:42:05,477 [DEBUG] [MainThread] [qasync._windows._EventPoller/_windows.py:215]: Starting (proactor: <_IocpProactor overlapped#=0 result#=0>)...
2026-02-13 23:42:05,477 [DEBUG] [Dummy-3] [qasync._windows._EventWorker/_windows.py:195]: Thread started
2026-02-13 23:42:05,563 [INFO] [MainThread] [root/main.py:119]: Debug mode enabled.
2026-02-13 23:42:05,690 [DEBUG] [MainThread] [pyvda.build/build.py:53]: Starting feature detection...
2026-02-13 23:42:05,690 [DEBUG] [MainThread] [pyvda.build/build.py:57]: Feature detection complete. Windows version is over 26100
2026-02-13 23:42:06,866 [INFO] [MainThread] [root/traffic.py:99]: Internet checker initialized for interface auto
2026-02-13 23:42:06,912 [INFO] [MainThread] [root/service.py:41]: AudioInputService starting...
2026-02-13 23:42:07,176 [INFO] [MainThread] [root/service.py:52]: AudioOutputService starting...
2026-02-13 23:42:07,271 [INFO] [MainThread] [root/app_bar.py:118]: Bar primary-bar Created on Screen: \\.\DISPLAY1 [Bar Height: 38px, DPI Scale: 1.0]
2026-02-13 23:42:07,902 [INFO] [MainThread] [root/bar_manager.py:85]: Starting WindowsNotificationEventListener...
2026-02-13 23:42:07,904 [INFO] [MainThread] [root/watcher.py:54]: Created file watcher for path C:\Users\monst\.config\yasb
2026-02-13 23:42:08,023 [INFO] [MainThread] [root/update_service.py:426]: Background update checker started
2026-02-14 21:19:26,126 [INFO] [MainThread] [root/bar_manager.py:92]: Stopping WindowsNotificationEventListener...
2026-02-14 23:12:12,594 [INFO] [MainThread] [root/log.py:69]: YASB v1.8.7
2026-02-14 23:12:12,595 [INFO] [CLIPipeServer] [cli_server/cli_server.py:215]: CLI server started v1.1.5
2026-02-14 23:12:12,595 [INFO] [MainThread] [cli_server/cli_server.py:106]: Log pipe server started
2026-02-14 23:12:12,621 [DEBUG] [MainThread] [qasync._windows._EventPoller/_windows.py:215]: Starting (proactor: <_IocpProactor overlapped#=0 result#=0>)...
2026-02-14 23:12:12,622 [DEBUG] [Dummy-3] [qasync._windows._EventWorker/_windows.py:195]: Thread started
2026-02-14 23:12:12,713 [INFO] [MainThread] [root/main.py:119]: Debug mode enabled.
2026-02-14 23:12:12,852 [DEBUG] [MainThread] [pyvda.build/build.py:53]: Starting feature detection...
2026-02-14 23:12:12,853 [DEBUG] [MainThread] [pyvda.build/build.py:57]: Feature detection complete. Windows version is over 26100
2026-02-14 23:12:14,990 [INFO] [MainThread] [root/traffic.py:99]: Internet checker initialized for interface auto
2026-02-14 23:12:15,101 [INFO] [MainThread] [root/service.py:41]: AudioInputService starting...
2026-02-14 23:12:15,779 [INFO] [MainThread] [root/service.py:52]: AudioOutputService starting...
2026-02-14 23:12:15,971 [INFO] [MainThread] [root/app_bar.py:118]: Bar primary-bar Created on Screen: \\.\DISPLAY1 [Bar Height: 38px, DPI Scale: 1.0]
2026-02-14 23:12:16,685 [INFO] [MainThread] [root/bar_manager.py:85]: Starting WindowsNotificationEventListener...
2026-02-14 23:12:16,687 [INFO] [MainThread] [root/watcher.py:54]: Created file watcher for path C:\Users\monst\.config\yasb
2026-02-14 23:12:17,018 [INFO] [MainThread] [root/update_service.py:426]: Background update checker started
2026-02-17 16:45:40,456 [INFO] [MainThread] [root/log.py:69]: YASB v1.8.7
2026-02-17 16:45:40,458 [INFO] [CLIPipeServer] [cli_server/cli_server.py:215]: CLI server started v1.1.5
2026-02-17 16:45:40,458 [INFO] [MainThread] [cli_server/cli_server.py:106]: Log pipe server started
2026-02-17 16:45:40,504 [DEBUG] [MainThread] [qasync._windows._EventPoller/_windows.py:215]: Starting (proactor: <_IocpProactor overlapped#=0 result#=0>)...
2026-02-17 16:45:40,507 [DEBUG] [Dummy-3] [qasync._windows._EventWorker/_windows.py:195]: Thread started
2026-02-17 16:45:40,620 [INFO] [MainThread] [root/main.py:119]: Debug mode enabled.
2026-02-17 16:45:40,815 [DEBUG] [MainThread] [pyvda.build/build.py:53]: Starting feature detection...
2026-02-17 16:45:40,815 [DEBUG] [MainThread] [pyvda.build/build.py:57]: Feature detection complete. Windows version is over 26100
2026-02-17 16:45:43,082 [INFO] [MainThread] [root/traffic.py:99]: Internet checker initialized for interface auto
2026-02-17 16:45:43,139 [INFO] [MainThread] [root/service.py:41]: AudioInputService starting...
2026-02-17 16:45:43,450 [INFO] [MainThread] [root/service.py:52]: AudioOutputService starting...
2026-02-17 16:45:43,628 [INFO] [MainThread] [root/app_bar.py:118]: Bar primary-bar Created on Screen: \\.\DISPLAY1 [Bar Height: 38px, DPI Scale: 1.0]
2026-02-17 16:45:45,376 [INFO] [MainThread] [root/bar_manager.py:85]: Starting WindowsNotificationEventListener...
2026-02-17 16:45:45,381 [INFO] [MainThread] [root/watcher.py:54]: Created file watcher for path C:\Users\monst\.config\yasb
2026-02-17 16:45:45,783 [INFO] [MainThread] [root/update_service.py:426]: Background update checker started
2026-02-17 18:37:28,338 [INFO] [MainThread] [root/bar_manager.py:92]: Stopping WindowsNotificationEventListener...
2026-02-17 18:56:54,121 [INFO] [MainThread] [root/log.py:69]: YASB v1.8.7
2026-02-17 18:56:54,123 [INFO] [CLIPipeServer] [cli_server/cli_server.py:215]: CLI server started v1.1.5
2026-02-17 18:56:54,124 [INFO] [MainThread] [cli_server/cli_server.py:106]: Log pipe server started
2026-02-17 18:56:54,160 [DEBUG] [MainThread] [qasync._windows._EventPoller/_windows.py:215]: Starting (proactor: <_IocpProactor overlapped#=0 result#=0>)...
2026-02-17 18:56:54,162 [DEBUG] [Dummy-3] [qasync._windows._EventWorker/_windows.py:195]: Thread started
2026-02-17 18:56:54,275 [INFO] [MainThread] [root/main.py:119]: Debug mode enabled.
2026-02-17 18:56:54,441 [DEBUG] [MainThread] [pyvda.build/build.py:53]: Starting feature detection...
2026-02-17 18:56:54,442 [DEBUG] [MainThread] [pyvda.build/build.py:57]: Feature detection complete. Windows version is over 26100
2026-02-17 18:56:56,083 [INFO] [MainThread] [root/traffic.py:99]: Internet checker initialized for interface auto
2026-02-17 18:56:56,125 [INFO] [MainThread] [root/service.py:41]: AudioInputService starting...
2026-02-17 18:56:56,390 [INFO] [MainThread] [root/service.py:52]: AudioOutputService starting...
2026-02-17 18:56:56,523 [INFO] [MainThread] [root/app_bar.py:118]: Bar primary-bar Created on Screen: \\.\DISPLAY1 [Bar Height: 38px, DPI Scale: 1.0]
2026-02-17 18:56:57,158 [INFO] [MainThread] [root/bar_manager.py:85]: Starting WindowsNotificationEventListener...
2026-02-17 18:56:57,160 [INFO] [MainThread] [root/watcher.py:54]: Created file watcher for path C:\Users\monst\.config\yasb
2026-02-17 18:56:57,280 [INFO] [MainThread] [root/update_service.py:426]: Background update checker started
2026-02-20 13:02:57,849 [INFO] [MainThread] [root/log.py:69]: YASB v1.8.7
2026-02-20 13:02:57,850 [INFO] [CLIPipeServer] [cli_server/cli_server.py:215]: CLI server started v1.1.5
2026-02-20 13:02:57,851 [INFO] [MainThread] [cli_server/cli_server.py:106]: Log pipe server started
2026-02-20 13:02:57,873 [DEBUG] [MainThread] [qasync._windows._EventPoller/_windows.py:215]: Starting (proactor: <_IocpProactor overlapped#=0 result#=0>)...
2026-02-20 13:02:57,874 [DEBUG] [Dummy-3] [qasync._windows._EventWorker/_windows.py:195]: Thread started
2026-02-20 13:02:57,956 [INFO] [MainThread] [root/main.py:119]: Debug mode enabled.
2026-02-20 13:02:58,077 [DEBUG] [MainThread] [pyvda.build/build.py:53]: Starting feature detection...
2026-02-20 13:02:58,078 [DEBUG] [MainThread] [pyvda.build/build.py:57]: Feature detection complete. Windows version is over 26100
2026-02-20 13:02:59,210 [INFO] [MainThread] [root/traffic.py:99]: Internet checker initialized for interface auto
2026-02-20 13:02:59,238 [INFO] [MainThread] [root/service.py:41]: AudioInputService starting...
2026-02-20 13:02:59,444 [INFO] [MainThread] [root/service.py:52]: AudioOutputService starting...
2026-02-20 13:02:59,539 [INFO] [MainThread] [root/app_bar.py:118]: Bar primary-bar Created on Screen: \\.\DISPLAY1 [Bar Height: 38px, DPI Scale: 1.0]
2026-02-20 13:03:00,634 [INFO] [MainThread] [root/bar_manager.py:85]: Starting WindowsNotificationEventListener...
2026-02-20 13:03:00,636 [INFO] [MainThread] [root/watcher.py:54]: Created file watcher for path C:\Users\monst\.config\yasb
2026-02-20 13:03:00,753 [INFO] [MainThread] [root/update_service.py:426]: Background update checker started
2026-02-20 13:03:08,502 [INFO] [MainThread] [root/controller.py:38]: Exiting Application from context menu...
2026-02-20 13:03:08,606 [INFO] [MainThread] [cli_server/cli_server.py:114]: Log pipe server stopped
2026-02-20 13:03:08,606 [DEBUG] [MainThread] [cli_server/cli_server.py:209]: CLI server stopped
2026-02-20 13:03:09,181 [INFO] [MainThread] [root/bar_manager.py:92]: Stopping WindowsNotificationEventListener...
2026-02-20 13:07:32,342 [INFO] [MainThread] [root/log.py:95]: YASB v1.8.9
2026-02-20 13:07:32,343 [INFO] [CLIPipeServer] [cli_server/cli_server.py:215]: CLI server started v1.1.5
2026-02-20 13:07:32,343 [INFO] [MainThread] [cli_server/cli_server.py:106]: Log pipe server started
2026-02-20 13:07:32,510 [DEBUG] [MainThread] [qasync._windows._EventPoller/_windows.py:215]: Starting (proactor: <_IocpProactor overlapped#=0 result#=0>)...
2026-02-20 13:07:32,512 [DEBUG] [Dummy-3] [qasync._windows._EventWorker/_windows.py:195]: Thread started
2026-02-20 13:07:32,566 [INFO] [MainThread] [root/main.py:119]: Debug mode enabled.
2026-02-20 13:07:32,680 [DEBUG] [MainThread] [pyvda.build/build.py:53]: Starting feature detection...
2026-02-20 13:07:32,680 [DEBUG] [MainThread] [pyvda.build/build.py:57]: Feature detection complete. Windows version is over 26100
2026-02-20 13:07:33,337 [INFO] [MainThread] [root/traffic.py:74]: Internet checker initialized for interface auto
2026-02-20 13:07:33,357 [INFO] [MainThread] [root/service.py:41]: AudioInputService starting...
2026-02-20 13:07:33,488 [INFO] [MainThread] [root/service.py:52]: AudioOutputService starting...
2026-02-20 13:07:33,577 [INFO] [MainThread] [root/app_bar.py:140]: Bar primary-bar Created on Screen: \\.\DISPLAY1 [Bar Height: 38px, DPI Scale: 1.0]
2026-02-20 13:07:34,629 [INFO] [MainThread] [root/bar_manager.py:88]: Starting WindowsNotificationEventListener...
2026-02-20 13:07:34,632 [INFO] [MainThread] [root/watcher.py:65]: Watching directory: c:\users\monst\.config\yasb
2026-02-20 13:07:34,633 [INFO] [MainThread] [root/watcher.py:104]: Created file watcher
2026-02-20 13:07:35,156 [INFO] [MainThread] [root/update_service.py:429]: Background update checker started
2026-02-21 08:28:27,864 [INFO] [MainThread] [root/controller.py:15]: Reloading Bar from context menu...
2026-02-21 08:28:27,977 [INFO] [MainThread] [cli_server/cli_server.py:114]: Log pipe server stopped
2026-02-21 08:28:27,977 [DEBUG] [MainThread] [cli_server/cli_server.py:209]: CLI server stopped
2026-02-21 08:28:28,117 [INFO] [MainThread] [root/bar_manager.py:104]: Stopping WindowsNotificationEventListener...
2026-02-21 08:28:30,678 [INFO] [MainThread] [root/log.py:95]: YASB v1.8.9
2026-02-21 08:28:30,679 [INFO] [CLIPipeServer] [cli_server/cli_server.py:215]: CLI server started v1.1.5
2026-02-21 08:28:30,679 [INFO] [MainThread] [cli_server/cli_server.py:106]: Log pipe server started
2026-02-21 08:28:30,679 [INFO] [MainThread] [root/main.py:46]: Waiting for previous YASB instance to exit...
2026-02-21 08:28:32,433 [INFO] [MainThread] [root/main.py:72]: Previous instance exited, continuing startup.
2026-02-21 08:28:32,685 [DEBUG] [MainThread] [qasync._windows._EventPoller/_windows.py:215]: Starting (proactor: <_IocpProactor overlapped#=0 result#=0>)...
2026-02-21 08:28:32,687 [DEBUG] [Dummy-3] [qasync._windows._EventWorker/_windows.py:195]: Thread started
2026-02-21 08:28:32,794 [INFO] [MainThread] [root/main.py:119]: Debug mode enabled.
2026-02-21 08:28:32,936 [DEBUG] [MainThread] [pyvda.build/build.py:53]: Starting feature detection...
2026-02-21 08:28:32,936 [DEBUG] [MainThread] [pyvda.build/build.py:57]: Feature detection complete. Windows version is over 26100
2026-02-21 08:28:34,168 [INFO] [MainThread] [root/traffic.py:74]: Internet checker initialized for interface auto
2026-02-21 08:28:34,192 [INFO] [MainThread] [root/service.py:41]: AudioInputService starting...
2026-02-21 08:28:34,346 [INFO] [MainThread] [root/service.py:52]: AudioOutputService starting...
2026-02-21 08:28:34,468 [INFO] [MainThread] [root/app_bar.py:140]: Bar primary-bar Created on Screen: \\.\DISPLAY1 [Bar Height: 38px, DPI Scale: 1.0]
2026-02-21 08:28:34,530 [INFO] [MainThread] [root/bar_manager.py:88]: Starting WindowsNotificationEventListener...
2026-02-21 08:28:34,533 [INFO] [MainThread] [root/watcher.py:65]: Watching directory: c:\users\monst\.config\yasb
2026-02-21 08:28:34,533 [INFO] [MainThread] [root/watcher.py:104]: Created file watcher
2026-02-21 08:28:35,124 [INFO] [MainThread] [root/update_service.py:429]: Background update checker started
2026-02-21 08:47:05,792 [INFO] [MainThread] [root/controller.py:15]: Reloading Bar from context menu...
2026-02-21 08:47:05,899 [INFO] [MainThread] [cli_server/cli_server.py:114]: Log pipe server stopped
2026-02-21 08:47:05,899 [DEBUG] [MainThread] [cli_server/cli_server.py:209]: CLI server stopped
2026-02-21 08:47:06,068 [INFO] [MainThread] [root/bar_manager.py:104]: Stopping WindowsNotificationEventListener...
2026-02-21 08:47:07,940 [INFO] [MainThread] [root/log.py:95]: YASB v1.8.9
2026-02-21 08:47:07,941 [INFO] [CLIPipeServer] [cli_server/cli_server.py:215]: CLI server started v1.1.5
2026-02-21 08:47:07,942 [INFO] [MainThread] [cli_server/cli_server.py:106]: Log pipe server started
2026-02-21 08:47:08,009 [DEBUG] [MainThread] [qasync._windows._EventPoller/_windows.py:215]: Starting (proactor: <_IocpProactor overlapped#=0 result#=0>)...
2026-02-21 08:47:08,015 [DEBUG] [Dummy-3] [qasync._windows._EventWorker/_windows.py:195]: Thread started
2026-02-21 08:47:08,124 [INFO] [MainThread] [root/main.py:119]: Debug mode enabled.
2026-02-21 08:47:08,289 [DEBUG] [MainThread] [pyvda.build/build.py:53]: Starting feature detection...
2026-02-21 08:47:08,290 [DEBUG] [MainThread] [pyvda.build/build.py:57]: Feature detection complete. Windows version is over 26100
2026-02-21 08:47:10,126 [INFO] [MainThread] [root/traffic.py:74]: Internet checker initialized for interface auto
2026-02-21 08:47:10,167 [INFO] [MainThread] [root/service.py:41]: AudioInputService starting...
2026-02-21 08:47:10,345 [INFO] [MainThread] [root/service.py:52]: AudioOutputService starting...
2026-02-21 08:47:10,487 [INFO] [MainThread] [root/app_bar.py:140]: Bar primary-bar Created on Screen: \\.\DISPLAY1 [Bar Height: 38px, DPI Scale: 1.0]
2026-02-21 08:47:10,630 [INFO] [MainThread] [root/bar_manager.py:88]: Starting WindowsNotificationEventListener...
2026-02-21 08:47:10,642 [INFO] [MainThread] [root/watcher.py:65]: Watching directory: c:\users\monst\.config\yasb
2026-02-21 08:47:10,643 [INFO] [MainThread] [root/watcher.py:104]: Created file watcher
2026-02-21 08:47:10,987 [INFO] [MainThread] [root/update_service.py:429]: Background update checker started
2026-02-22 13:55:07,538 [INFO] [MainThread] [root/controller.py:15]: Reloading Bar from context menu...
2026-02-22 13:55:07,652 [INFO] [MainThread] [cli_server/cli_server.py:114]: Log pipe server stopped
2026-02-22 13:55:07,652 [DEBUG] [MainThread] [cli_server/cli_server.py:209]: CLI server stopped
2026-02-22 13:55:08,792 [INFO] [MainThread] [root/bar_manager.py:104]: Stopping WindowsNotificationEventListener...
2026-02-22 13:55:11,064 [INFO] [MainThread] [root/log.py:95]: YASB v1.8.9
2026-02-22 13:55:11,065 [INFO] [CLIPipeServer] [cli_server/cli_server.py:215]: CLI server started v1.1.5
2026-02-22 13:55:11,065 [INFO] [MainThread] [cli_server/cli_server.py:106]: Log pipe server started
2026-02-22 13:55:11,066 [INFO] [MainThread] [root/main.py:46]: Waiting for previous YASB instance to exit...
2026-02-22 13:55:13,320 [INFO] [MainThread] [root/main.py:72]: Previous instance exited, continuing startup.
2026-02-22 13:55:13,520 [DEBUG] [MainThread] [qasync._windows._EventPoller/_windows.py:215]: Starting (proactor: <_IocpProactor overlapped#=0 result#=0>)...
2026-02-22 13:55:13,521 [DEBUG] [Dummy-3] [qasync._windows._EventWorker/_windows.py:195]: Thread started
2026-02-22 13:55:13,609 [INFO] [MainThread] [root/main.py:119]: Debug mode enabled.
2026-02-22 13:55:13,745 [DEBUG] [MainThread] [pyvda.build/build.py:53]: Starting feature detection...
2026-02-22 13:55:13,745 [DEBUG] [MainThread] [pyvda.build/build.py:57]: Feature detection complete. Windows version is over 26100
2026-02-22 13:55:14,878 [INFO] [MainThread] [root/traffic.py:74]: Internet checker initialized for interface auto
2026-02-22 13:55:14,904 [INFO] [MainThread] [root/service.py:41]: AudioInputService starting...
2026-02-22 13:55:15,062 [INFO] [MainThread] [root/service.py:52]: AudioOutputService starting...
2026-02-22 13:55:15,185 [INFO] [MainThread] [root/app_bar.py:140]: Bar primary-bar Created on Screen: \\.\DISPLAY1 [Bar Height: 38px, DPI Scale: 1.0]
2026-02-22 13:55:15,810 [INFO] [MainThread] [root/bar_manager.py:88]: Starting WindowsNotificationEventListener...
2026-02-22 13:55:15,816 [INFO] [MainThread] [root/watcher.py:65]: Watching directory: c:\users\monst\.config\yasb
2026-02-22 13:55:15,817 [INFO] [MainThread] [root/watcher.py:104]: Created file watcher
2026-02-22 13:55:16,378 [INFO] [MainThread] [root/update_service.py:429]: Background update checker started
2026-02-24 18:23:49,455 [INFO] [MainThread] [root/bar_manager.py:104]: Stopping WindowsNotificationEventListener...
2026-02-25 00:12:23,166 [INFO] [MainThread] [root/log.py:95]: YASB v1.8.9
2026-02-25 00:12:23,179 [INFO] [CLIPipeServer] [cli_server/cli_server.py:215]: CLI server started v1.1.5
2026-02-25 00:12:23,181 [INFO] [MainThread] [cli_server/cli_server.py:106]: Log pipe server started
2026-02-25 00:12:23,995 [DEBUG] [MainThread] [qasync._windows._EventPoller/_windows.py:215]: Starting (proactor: <_IocpProactor overlapped#=0 result#=0>)...
2026-02-25 00:12:24,003 [DEBUG] [Dummy-3] [qasync._windows._EventWorker/_windows.py:195]: Thread started
2026-02-25 00:12:24,503 [INFO] [MainThread] [root/main.py:119]: Debug mode enabled.
2026-02-25 00:12:25,072 [DEBUG] [MainThread] [pyvda.build/build.py:53]: Starting feature detection...
2026-02-25 00:12:25,073 [DEBUG] [MainThread] [pyvda.build/build.py:57]: Feature detection complete. Windows version is over 26100
2026-02-25 00:12:31,851 [INFO] [MainThread] [root/traffic.py:74]: Internet checker initialized for interface auto
2026-02-25 00:12:32,033 [INFO] [MainThread] [root/service.py:41]: AudioInputService starting...
2026-02-25 00:12:33,728 [INFO] [MainThread] [root/service.py:52]: AudioOutputService starting...
2026-02-25 00:12:34,562 [INFO] [MainThread] [root/app_bar.py:140]: Bar primary-bar Created on Screen: \\.\DISPLAY1 [Bar Height: 38px, DPI Scale: 1.0]
2026-02-25 00:12:35,303 [INFO] [MainThread] [root/bar_manager.py:88]: Starting WindowsNotificationEventListener...
2026-02-25 00:12:35,314 [INFO] [MainThread] [root/watcher.py:65]: Watching directory: c:\users\monst\.config\yasb
2026-02-25 00:12:35,315 [INFO] [MainThread] [root/watcher.py:104]: Created file watcher
2026-02-25 00:12:38,475 [INFO] [MainThread] [root/update_service.py:429]: Background update checker started
2026-02-25 00:12:40,922 [WARNING] [UpdateChecker] [root/update_service.py:296]: Network error checking for updates: [Errno 11001] getaddrinfo failed
2026-02-25 00:12:40,923 [WARNING] [UpdateChecker] [root/update_service.py:425]: Background update check failed: <urlopen error [Errno 11001] getaddrinfo failed>
2026-02-27 08:50:38,819 [INFO] [MainThread] [root/bar_helper.py:526]: AppBarManager need to re-register 1 bar
2026-02-27 08:50:39,349 [INFO] [MainThread] [root/app_bar.py:140]: Bar primary-bar Created on Screen: \\.\DISPLAY1 [Bar Height: 38px, DPI Scale: 1.0]
2026-02-27 08:50:39,504 [INFO] [MainThread] [root/bar_helper.py:535]: Re-registered AppBar for primary-bar_DISPLAY1_e2e44632 (space reservation + fullscreen)
2026-02-27 09:00:21,938 [ERROR] [MainThread] [root/windows_desktops.py:87]: Failed to focus desktop at index 4
Traceback (most recent call last):
  File "D:\a\yasb\yasb\src\core\widgets\yasb\windows_desktops.py", line 83, in activate_workspace
  File "D:\a\yasb\yasb\venv\Lib\site-packages\pyvda\pyvda.py", line 268, in __init__
  File "D:\a\yasb\yasb\venv\Lib\site-packages\pyvda\com_defns.py", line 334, in get_all_desktops
_ctypes.COMError: (-2147023174, 'The RPC server is unavailable.', (None, None, None, 0, None))
2026-02-27 09:00:23,130 [ERROR] [MainThread] [root/windows_desktops.py:87]: Failed to focus desktop at index 4
Traceback (most recent call last):
  File "D:\a\yasb\yasb\src\core\widgets\yasb\windows_desktops.py", line 83, in activate_workspace
  File "D:\a\yasb\yasb\venv\Lib\site-packages\pyvda\pyvda.py", line 268, in __init__
  File "D:\a\yasb\yasb\venv\Lib\site-packages\pyvda\com_defns.py", line 334, in get_all_desktops
_ctypes.COMError: (-2147023174, 'The RPC server is unavailable.', (None, None, None, 0, None))
2026-02-27 09:00:31,709 [INFO] [MainThread] [root/controller.py:15]: Reloading Bar from context menu...
2026-02-27 09:00:31,818 [INFO] [MainThread] [cli_server/cli_server.py:114]: Log pipe server stopped
2026-02-27 09:00:31,819 [DEBUG] [MainThread] [cli_server/cli_server.py:209]: CLI server stopped
2026-02-27 09:00:33,026 [INFO] [MainThread] [root/bar_manager.py:104]: Stopping WindowsNotificationEventListener...
2026-02-27 09:00:35,580 [INFO] [MainThread] [root/log.py:95]: YASB v1.8.9
2026-02-27 09:00:35,581 [INFO] [CLIPipeServer] [cli_server/cli_server.py:215]: CLI server started v1.1.5
2026-02-27 09:00:35,582 [INFO] [MainThread] [cli_server/cli_server.py:106]: Log pipe server started
2026-02-27 09:00:35,791 [DEBUG] [MainThread] [qasync._windows._EventPoller/_windows.py:215]: Starting (proactor: <_IocpProactor overlapped#=0 result#=0>)...
2026-02-27 09:00:35,793 [DEBUG] [Dummy-3] [qasync._windows._EventWorker/_windows.py:195]: Thread started
2026-02-27 09:00:35,890 [INFO] [MainThread] [root/main.py:119]: Debug mode enabled.
2026-02-27 09:00:36,107 [DEBUG] [MainThread] [pyvda.build/build.py:53]: Starting feature detection...
2026-02-27 09:00:36,107 [DEBUG] [MainThread] [pyvda.build/build.py:57]: Feature detection complete. Windows version is over 26100
2026-02-27 09:00:37,328 [INFO] [MainThread] [root/traffic.py:74]: Internet checker initialized for interface auto
2026-02-27 09:00:37,361 [INFO] [MainThread] [root/service.py:41]: AudioInputService starting...
2026-02-27 09:00:37,509 [INFO] [MainThread] [root/service.py:52]: AudioOutputService starting...
2026-02-27 09:00:37,623 [INFO] [MainThread] [root/app_bar.py:140]: Bar primary-bar Created on Screen: \\.\DISPLAY1 [Bar Height: 38px, DPI Scale: 1.0]
2026-02-27 09:00:38,245 [INFO] [MainThread] [root/bar_manager.py:88]: Starting WindowsNotificationEventListener...
2026-02-27 09:00:38,249 [INFO] [MainThread] [root/watcher.py:65]: Watching directory: c:\users\monst\.config\yasb
2026-02-27 09:00:38,249 [INFO] [MainThread] [root/watcher.py:104]: Created file watcher
2026-02-27 09:00:38,942 [INFO] [MainThread] [root/update_service.py:429]: Background update checker started
2026-03-02 13:49:41,298 [INFO] [MainThread] [root/bar_helper.py:526]: AppBarManager need to re-register 1 bar
2026-03-02 13:49:41,573 [INFO] [MainThread] [root/app_bar.py:140]: Bar primary-bar Created on Screen: \\.\DISPLAY1 [Bar Height: 38px, DPI Scale: 1.0]
2026-03-02 13:49:42,171 [INFO] [MainThread] [root/bar_helper.py:535]: Re-registered AppBar for primary-bar_DISPLAY1_bb7fff90 (space reservation + fullscreen)
2026-03-02 14:39:57,641 [INFO] [MainThread] [root/controller.py:15]: Reloading Bar from context menu...
2026-03-02 14:39:57,749 [INFO] [MainThread] [cli_server/cli_server.py:114]: Log pipe server stopped
2026-03-02 14:39:57,749 [DEBUG] [MainThread] [cli_server/cli_server.py:209]: CLI server stopped
2026-03-02 14:39:58,958 [INFO] [MainThread] [root/bar_manager.py:104]: Stopping WindowsNotificationEventListener...
2026-03-02 14:40:01,812 [INFO] [MainThread] [root/log.py:95]: YASB v1.8.9
2026-03-02 14:40:01,813 [INFO] [CLIPipeServer] [cli_server/cli_server.py:215]: CLI server started v1.1.5
2026-03-02 14:40:01,813 [INFO] [MainThread] [cli_server/cli_server.py:106]: Log pipe server started
2026-03-02 14:40:02,111 [DEBUG] [MainThread] [qasync._windows._EventPoller/_windows.py:215]: Starting (proactor: <_IocpProactor overlapped#=0 result#=0>)...
2026-03-02 14:40:02,113 [DEBUG] [Dummy-3] [qasync._windows._EventWorker/_windows.py:195]: Thread started
2026-03-02 14:40:02,219 [INFO] [MainThread] [root/main.py:119]: Debug mode enabled.
2026-03-02 14:40:02,374 [DEBUG] [MainThread] [pyvda.build/build.py:53]: Starting feature detection...
2026-03-02 14:40:02,374 [DEBUG] [MainThread] [pyvda.build/build.py:57]: Feature detection complete. Windows version is over 26100
2026-03-02 14:40:03,539 [INFO] [MainThread] [root/traffic.py:74]: Internet checker initialized for interface auto
2026-03-02 14:40:03,561 [INFO] [MainThread] [root/service.py:41]: AudioInputService starting...
2026-03-02 14:40:03,703 [INFO] [MainThread] [root/service.py:52]: AudioOutputService starting...
2026-03-02 14:40:03,847 [INFO] [MainThread] [root/app_bar.py:140]: Bar primary-bar Created on Screen: \\.\DISPLAY1 [Bar Height: 38px, DPI Scale: 1.0]
2026-03-02 14:40:04,467 [INFO] [MainThread] [root/bar_manager.py:88]: Starting WindowsNotificationEventListener...
2026-03-02 14:40:04,470 [INFO] [MainThread] [root/watcher.py:65]: Watching directory: c:\users\monst\.config\yasb
2026-03-02 14:40:04,470 [INFO] [MainThread] [root/watcher.py:104]: Created file watcher
2026-03-02 14:40:05,157 [INFO] [MainThread] [root/update_service.py:429]: Background update checker started
2026-03-05 08:30:24,481 [INFO] [MainThread] [root/bar_manager.py:104]: Stopping WindowsNotificationEventListener...
2026-03-05 08:31:54,631 [INFO] [MainThread] [root/log.py:95]: YASB v1.8.9
2026-03-05 08:31:54,632 [INFO] [CLIPipeServer] [cli_server/cli_server.py:215]: CLI server started v1.1.5
2026-03-05 08:31:54,633 [INFO] [MainThread] [cli_server/cli_server.py:106]: Log pipe server started
2026-03-05 08:31:54,806 [DEBUG] [MainThread] [qasync._windows._EventPoller/_windows.py:215]: Starting (proactor: <_IocpProactor overlapped#=0 result#=0>)...
2026-03-05 08:31:54,807 [DEBUG] [Dummy-3] [qasync._windows._EventWorker/_windows.py:195]: Thread started
2026-03-05 08:31:54,887 [INFO] [MainThread] [root/main.py:119]: Debug mode enabled.
2026-03-05 08:31:55,000 [DEBUG] [MainThread] [pyvda.build/build.py:53]: Starting feature detection...
2026-03-05 08:31:55,000 [DEBUG] [MainThread] [pyvda.build/build.py:57]: Feature detection complete. Windows version is over 26100
2026-03-05 08:31:56,078 [INFO] [MainThread] [root/traffic.py:74]: Internet checker initialized for interface auto
2026-03-05 08:31:56,106 [INFO] [MainThread] [root/service.py:41]: AudioInputService starting...
2026-03-05 08:31:56,270 [INFO] [MainThread] [root/service.py:52]: AudioOutputService starting...
2026-03-05 08:31:56,393 [INFO] [MainThread] [root/app_bar.py:140]: Bar primary-bar Created on Screen: \\.\DISPLAY1 [Bar Height: 38px, DPI Scale: 1.0]
2026-03-05 08:31:56,970 [INFO] [MainThread] [root/bar_manager.py:88]: Starting WindowsNotificationEventListener...
2026-03-05 08:31:56,974 [INFO] [MainThread] [root/watcher.py:65]: Watching directory: c:\users\monst\.config\yasb
2026-03-05 08:31:56,974 [INFO] [MainThread] [root/watcher.py:104]: Created file watcher
2026-03-05 08:31:57,425 [INFO] [MainThread] [root/update_service.py:429]: Background update checker started
2026-03-05 08:32:11,335 [ERROR] [UpdateChecker] [root/update_service.py:302]: Unexpected error checking for updates: The read operation timed out
2026-03-05 08:32:11,335 [WARNING] [UpdateChecker] [root/update_service.py:425]: Background update check failed: The read operation timed out
2026-03-09 21:52:35,804 [INFO] [MainThread] [root/bar_helper.py:526]: AppBarManager need to re-register 1 bar
2026-03-09 21:52:36,294 [INFO] [MainThread] [root/app_bar.py:140]: Bar primary-bar Created on Screen: \\.\DISPLAY1 [Bar Height: 38px, DPI Scale: 1.0]
2026-03-09 21:52:36,852 [INFO] [MainThread] [root/bar_helper.py:535]: Re-registered AppBar for primary-bar_DISPLAY1_7d6782d4 (space reservation + fullscreen)
2026-03-12 11:53:36,572 [INFO] [MainThread] [root/bar_manager.py:104]: Stopping WindowsNotificationEventListener...
2026-03-12 12:04:26,649 [INFO] [MainThread] [root/log.py:95]: YASB v1.8.9
2026-03-12 12:04:26,651 [INFO] [CLIPipeServer] [cli_server/cli_server.py:215]: CLI server started v1.1.5
2026-03-12 12:04:26,652 [INFO] [MainThread] [cli_server/cli_server.py:106]: Log pipe server started
2026-03-12 12:04:26,892 [DEBUG] [MainThread] [qasync._windows._EventPoller/_windows.py:215]: Starting (proactor: <_IocpProactor overlapped#=0 result#=0>)...
2026-03-12 12:04:26,894 [DEBUG] [Dummy-3] [qasync._windows._EventWorker/_windows.py:195]: Thread started
2026-03-12 12:04:27,000 [INFO] [MainThread] [root/main.py:119]: Debug mode enabled.
2026-03-12 12:04:27,148 [DEBUG] [MainThread] [pyvda.build/build.py:53]: Starting feature detection...
2026-03-12 12:04:27,148 [DEBUG] [MainThread] [pyvda.build/build.py:57]: Feature detection complete. Windows version is over 26100
2026-03-12 12:04:28,766 [INFO] [MainThread] [root/traffic.py:74]: Internet checker initialized for interface auto
2026-03-12 12:04:28,798 [INFO] [MainThread] [root/service.py:41]: AudioInputService starting...
2026-03-12 12:04:29,019 [INFO] [MainThread] [root/service.py:52]: AudioOutputService starting...
2026-03-12 12:04:29,170 [INFO] [MainThread] [root/app_bar.py:140]: Bar primary-bar Created on Screen: \\.\DISPLAY1 [Bar Height: 38px, DPI Scale: 1.0]
2026-03-12 12:04:29,801 [INFO] [MainThread] [root/bar_manager.py:88]: Starting WindowsNotificationEventListener...
2026-03-12 12:04:29,810 [INFO] [MainThread] [root/watcher.py:65]: Watching directory: c:\users\monst\.config\yasb
2026-03-12 12:04:29,810 [INFO] [MainThread] [root/watcher.py:104]: Created file watcher
2026-03-12 12:04:30,405 [INFO] [MainThread] [root/update_service.py:429]: Background update checker started
2026-03-16 08:42:13,124 [INFO] [MainThread] [root/log.py:95]: YASB v1.8.9
2026-03-16 08:42:13,126 [INFO] [CLIPipeServer] [cli_server/cli_server.py:215]: CLI server started v1.1.5
2026-03-16 08:42:13,128 [INFO] [MainThread] [cli_server/cli_server.py:106]: Log pipe server started
2026-03-16 08:42:13,379 [DEBUG] [MainThread] [qasync._windows._EventPoller/_windows.py:215]: Starting (proactor: <_IocpProactor overlapped#=0 result#=0>)...
2026-03-16 08:42:13,382 [DEBUG] [Dummy-3] [qasync._windows._EventWorker/_windows.py:195]: Thread started
2026-03-16 08:42:13,476 [INFO] [MainThread] [root/main.py:119]: Debug mode enabled.
2026-03-16 08:42:13,635 [DEBUG] [MainThread] [pyvda.build/build.py:53]: Starting feature detection...
2026-03-16 08:42:13,636 [DEBUG] [MainThread] [pyvda.build/build.py:57]: Feature detection complete. Windows version is over 26100
2026-03-16 08:42:14,939 [INFO] [MainThread] [root/traffic.py:74]: Internet checker initialized for interface auto
2026-03-16 08:42:14,965 [INFO] [MainThread] [root/service.py:41]: AudioInputService starting...
2026-03-16 08:42:15,135 [INFO] [MainThread] [root/service.py:52]: AudioOutputService starting...
2026-03-16 08:42:15,271 [INFO] [MainThread] [root/app_bar.py:140]: Bar primary-bar Created on Screen: \\.\DISPLAY1 [Bar Height: 38px, DPI Scale: 1.0]
2026-03-16 08:42:16,386 [INFO] [MainThread] [root/bar_manager.py:88]: Starting WindowsNotificationEventListener...
2026-03-16 08:42:16,391 [INFO] [MainThread] [root/watcher.py:65]: Watching directory: c:\users\monst\.config\yasb
2026-03-16 08:42:16,391 [INFO] [MainThread] [root/watcher.py:104]: Created file watcher
2026-03-16 08:42:17,097 [INFO] [MainThread] [root/update_service.py:429]: Background update checker started
2026-03-16 08:42:40,038 [WARNING] [UpdateChecker] [root/update_service.py:296]: Network error checking for updates: [Errno 11001] getaddrinfo failed
2026-03-16 08:42:40,039 [WARNING] [UpdateChecker] [root/update_service.py:425]: Background update check failed: <urlopen error [Errno 11001] getaddrinfo failed>
2026-03-16 22:43:44,177 [INFO] [MainThread] [root/bar_manager.py:104]: Stopping WindowsNotificationEventListener...
2026-03-17 08:28:32,610 [INFO] [MainThread] [root/log.py:95]: YASB v1.8.9
2026-03-17 08:28:32,611 [INFO] [CLIPipeServer] [cli_server/cli_server.py:215]: CLI server started v1.1.5
2026-03-17 08:28:32,612 [INFO] [MainThread] [cli_server/cli_server.py:106]: Log pipe server started
2026-03-17 08:28:32,834 [DEBUG] [MainThread] [qasync._windows._EventPoller/_windows.py:215]: Starting (proactor: <_IocpProactor overlapped#=0 result#=0>)...
2026-03-17 08:28:32,836 [DEBUG] [Dummy-3] [qasync._windows._EventWorker/_windows.py:195]: Thread started
2026-03-17 08:28:32,929 [INFO] [MainThread] [root/main.py:119]: Debug mode enabled.
2026-03-17 08:28:33,052 [DEBUG] [MainThread] [pyvda.build/build.py:53]: Starting feature detection...
2026-03-17 08:28:33,052 [DEBUG] [MainThread] [pyvda.build/build.py:57]: Feature detection complete. Windows version is over 26100
2026-03-17 08:28:34,121 [INFO] [MainThread] [root/traffic.py:74]: Internet checker initialized for interface auto
2026-03-17 08:28:34,150 [INFO] [MainThread] [root/service.py:41]: AudioInputService starting...
2026-03-17 08:28:34,325 [INFO] [MainThread] [root/service.py:52]: AudioOutputService starting...
2026-03-17 08:28:34,430 [INFO] [MainThread] [root/app_bar.py:140]: Bar primary-bar Created on Screen: \\.\DISPLAY1 [Bar Height: 38px, DPI Scale: 1.0]
2026-03-17 08:28:35,034 [INFO] [MainThread] [root/bar_manager.py:88]: Starting WindowsNotificationEventListener...
2026-03-17 08:28:35,038 [INFO] [MainThread] [root/watcher.py:65]: Watching directory: c:\users\monst\.config\yasb
2026-03-17 08:28:35,038 [INFO] [MainThread] [root/watcher.py:104]: Created file watcher
2026-03-17 08:28:35,595 [INFO] [MainThread] [root/update_service.py:429]: Background update checker started
2026-03-17 08:28:58,999 [INFO] [MainThread] [root/controller.py:37]: Exiting Application from context menu...
2026-03-17 08:28:59,113 [INFO] [MainThread] [cli_server/cli_server.py:114]: Log pipe server stopped
2026-03-17 08:28:59,114 [DEBUG] [MainThread] [cli_server/cli_server.py:209]: CLI server stopped
2026-03-17 08:29:00,290 [INFO] [MainThread] [root/bar_manager.py:104]: Stopping WindowsNotificationEventListener...
2026-03-17 08:32:55,385 [INFO] [MainThread] [root/log.py:95]: YASB v1.9.0
2026-03-17 08:32:55,385 [INFO] [CLIPipeServer] [cli_server/cli_server.py:215]: CLI server started v1.1.6
2026-03-17 08:32:55,386 [INFO] [MainThread] [cli_server/cli_server.py:106]: Log pipe server started
2026-03-17 08:32:55,556 [DEBUG] [MainThread] [qasync._windows._EventPoller/_windows.py:215]: Starting (proactor: <_IocpProactor overlapped#=0 result#=0>)...
2026-03-17 08:32:55,558 [DEBUG] [Dummy-3] [qasync._windows._EventWorker/_windows.py:195]: Thread started
2026-03-17 08:32:55,617 [INFO] [MainThread] [root/main.py:119]: Debug mode enabled.
2026-03-17 08:32:55,723 [DEBUG] [MainThread] [pyvda.build/build.py:53]: Starting feature detection...
2026-03-17 08:32:55,723 [DEBUG] [MainThread] [pyvda.build/build.py:57]: Feature detection complete. Windows version is over 26100
2026-03-17 08:32:56,449 [INFO] [MainThread] [root/traffic.py:74]: Internet checker initialized for interface auto
2026-03-17 08:32:56,470 [INFO] [MainThread] [root/service.py:41]: AudioInputService starting...
2026-03-17 08:32:56,608 [INFO] [MainThread] [root/service.py:52]: AudioOutputService starting...
2026-03-17 08:32:56,703 [INFO] [MainThread] [root/app_bar.py:140]: Bar primary-bar Created on Screen: \\.\DISPLAY1 [Bar Height: 38px, DPI Scale: 1.0]
2026-03-17 08:32:57,761 [INFO] [MainThread] [root/bar_manager.py:88]: Starting WindowsNotificationEventListener...
2026-03-17 08:32:57,764 [ERROR] [MainThread] [root/widget_builder.py:111]: Failed to validate widget(s) due to invalid options  - cava
      noise_reduction:
      - Input should be a valid integer, got a number with a fractional part
      
2026-03-17 08:32:58,209 [INFO] [MainThread] [root/watcher.py:65]: Watching directory: c:\users\monst\.config\yasb
2026-03-17 08:32:58,209 [INFO] [MainThread] [root/watcher.py:104]: Created file watcher
2026-03-17 08:32:58,292 [INFO] [MainThread] [root/update_service.py:429]: Background update checker started
2026-03-19 10:53:09,178 [INFO] [MainThread] [root/log.py:95]: YASB v1.9.0
2026-03-19 10:53:09,180 [INFO] [CLIPipeServer] [cli_server/cli_server.py:215]: CLI server started v1.1.6
2026-03-19 10:53:09,180 [INFO] [MainThread] [cli_server/cli_server.py:106]: Log pipe server started
2026-03-19 10:53:09,381 [DEBUG] [MainThread] [qasync._windows._EventPoller/_windows.py:215]: Starting (proactor: <_IocpProactor overlapped#=0 result#=0>)...
2026-03-19 10:53:09,382 [DEBUG] [Dummy-3] [qasync._windows._EventWorker/_windows.py:195]: Thread started
2026-03-19 10:53:09,465 [INFO] [MainThread] [root/main.py:119]: Debug mode enabled.
2026-03-19 10:53:09,589 [DEBUG] [MainThread] [pyvda.build/build.py:53]: Starting feature detection...
2026-03-19 10:53:09,589 [DEBUG] [MainThread] [pyvda.build/build.py:57]: Feature detection complete. Windows version is over 26100
2026-03-19 10:53:10,719 [INFO] [MainThread] [root/traffic.py:74]: Internet checker initialized for interface auto
2026-03-19 10:53:10,741 [INFO] [MainThread] [root/service.py:41]: AudioInputService starting...
2026-03-19 10:53:10,892 [INFO] [MainThread] [root/service.py:52]: AudioOutputService starting...
2026-03-19 10:53:10,997 [INFO] [MainThread] [root/app_bar.py:140]: Bar primary-bar Created on Screen: \\.\DISPLAY1 [Bar Height: 38px, DPI Scale: 1.0]
2026-03-19 10:53:12,077 [INFO] [MainThread] [root/bar_manager.py:88]: Starting WindowsNotificationEventListener...
2026-03-19 10:53:12,079 [ERROR] [MainThread] [root/widget_builder.py:111]: Failed to validate widget(s) due to invalid options  - cava
      noise_reduction:
      - Input should be a valid integer, got a number with a fractional part
      
2026-03-19 10:53:12,658 [INFO] [MainThread] [root/watcher.py:65]: Watching directory: c:\users\monst\.config\yasb
2026-03-19 10:53:12,658 [INFO] [MainThread] [root/watcher.py:104]: Created file watcher
2026-03-19 10:53:12,742 [INFO] [MainThread] [root/update_service.py:429]: Background update checker started
2026-03-20 14:07:48,061 [INFO] [MainThread] [root/bar_helper.py:526]: AppBarManager need to re-register 1 bar
2026-03-20 14:07:48,448 [INFO] [MainThread] [root/app_bar.py:140]: Bar primary-bar Created on Screen: \\.\DISPLAY1 [Bar Height: 38px, DPI Scale: 1.0]
2026-03-20 14:07:49,046 [INFO] [MainThread] [root/bar_helper.py:535]: Re-registered AppBar for primary-bar_DISPLAY1_4c59bcf3 (space reservation + fullscreen)
2026-03-21 11:01:22,741 [INFO] [MainThread] [root/controller.py:15]: Reloading Bar from context menu...
2026-03-21 11:01:22,845 [INFO] [MainThread] [cli_server/cli_server.py:114]: Log pipe server stopped
2026-03-21 11:01:22,845 [DEBUG] [MainThread] [cli_server/cli_server.py:209]: CLI server stopped
2026-03-21 11:01:24,452 [INFO] [MainThread] [root/bar_manager.py:104]: Stopping WindowsNotificationEventListener...
2026-03-21 11:01:27,718 [INFO] [MainThread] [root/log.py:95]: YASB v1.9.0
2026-03-21 11:01:27,719 [INFO] [CLIPipeServer] [cli_server/cli_server.py:215]: CLI server started v1.1.6
2026-03-21 11:01:27,720 [INFO] [MainThread] [cli_server/cli_server.py:106]: Log pipe server started
2026-03-21 11:01:28,062 [DEBUG] [MainThread] [qasync._windows._EventPoller/_windows.py:215]: Starting (proactor: <_IocpProactor overlapped#=0 result#=0>)...
2026-03-21 11:01:28,066 [DEBUG] [Dummy-3] [qasync._windows._EventWorker/_windows.py:195]: Thread started
2026-03-21 11:01:28,215 [INFO] [MainThread] [root/main.py:119]: Debug mode enabled.
2026-03-21 11:01:28,411 [DEBUG] [MainThread] [pyvda.build/build.py:53]: Starting feature detection...
2026-03-21 11:01:28,412 [DEBUG] [MainThread] [pyvda.build/build.py:57]: Feature detection complete. Windows version is over 26100
2026-03-21 11:01:29,886 [INFO] [MainThread] [root/traffic.py:74]: Internet checker initialized for interface auto
2026-03-21 11:01:29,925 [INFO] [MainThread] [root/service.py:41]: AudioInputService starting...
2026-03-21 11:01:30,150 [INFO] [MainThread] [root/service.py:52]: AudioOutputService starting...
2026-03-21 11:01:30,335 [INFO] [MainThread] [root/app_bar.py:140]: Bar primary-bar Created on Screen: \\.\DISPLAY1 [Bar Height: 38px, DPI Scale: 1.0]
2026-03-21 11:01:31,196 [INFO] [MainThread] [root/bar_manager.py:88]: Starting WindowsNotificationEventListener...
2026-03-21 11:01:31,198 [ERROR] [MainThread] [root/widget_builder.py:111]: Failed to validate widget(s) due to invalid options  - cava
      noise_reduction:
      - Input should be a valid integer, got a number with a fractional part
      
2026-03-21 11:01:31,866 [INFO] [MainThread] [root/watcher.py:65]: Watching directory: c:\users\monst\.config\yasb
2026-03-21 11:01:31,866 [INFO] [MainThread] [root/watcher.py:104]: Created file watcher
2026-03-21 11:01:32,023 [INFO] [MainThread] [root/update_service.py:429]: Background update checker started
2026-03-23 11:32:31,679 [INFO] [MainThread] [root/bar_manager.py:104]: Stopping WindowsNotificationEventListener...
2026-03-23 12:29:50,747 [INFO] [MainThread] [root/log.py:95]: YASB v1.9.0
2026-03-23 12:29:50,748 [INFO] [CLIPipeServer] [cli_server/cli_server.py:215]: CLI server started v1.1.6
2026-03-23 12:29:50,748 [INFO] [MainThread] [cli_server/cli_server.py:106]: Log pipe server started
2026-03-23 12:29:50,972 [DEBUG] [MainThread] [qasync._windows._EventPoller/_windows.py:215]: Starting (proactor: <_IocpProactor overlapped#=0 result#=0>)...
2026-03-23 12:29:50,974 [DEBUG] [Dummy-3] [qasync._windows._EventWorker/_windows.py:195]: Thread started
2026-03-23 12:29:51,075 [INFO] [MainThread] [root/main.py:119]: Debug mode enabled.
2026-03-23 12:29:51,225 [DEBUG] [MainThread] [pyvda.build/build.py:53]: Starting feature detection...
2026-03-23 12:29:51,226 [DEBUG] [MainThread] [pyvda.build/build.py:57]: Feature detection complete. Windows version is over 26100
2026-03-23 12:29:52,330 [INFO] [MainThread] [root/traffic.py:74]: Internet checker initialized for interface auto
2026-03-23 12:29:52,353 [INFO] [MainThread] [root/service.py:41]: AudioInputService starting...
2026-03-23 12:29:52,532 [INFO] [MainThread] [root/service.py:52]: AudioOutputService starting...
2026-03-23 12:29:52,651 [INFO] [MainThread] [root/app_bar.py:140]: Bar primary-bar Created on Screen: \\.\DISPLAY1 [Bar Height: 38px, DPI Scale: 1.0]
2026-03-23 12:29:53,217 [INFO] [MainThread] [root/bar_manager.py:88]: Starting WindowsNotificationEventListener...
2026-03-23 12:29:53,218 [ERROR] [MainThread] [root/widget_builder.py:111]: Failed to validate widget(s) due to invalid options  - cava
      noise_reduction:
      - Input should be a valid integer, got a number with a fractional part
      
2026-03-23 12:29:54,413 [INFO] [MainThread] [root/watcher.py:65]: Watching directory: c:\users\monst\.config\yasb
2026-03-23 12:29:54,414 [INFO] [MainThread] [root/watcher.py:104]: Created file watcher
2026-03-23 12:29:54,501 [INFO] [MainThread] [root/update_service.py:429]: Background update checker started
2026-03-24 15:23:10,166 [INFO] [MainThread] [root/log.py:95]: YASB v1.9.0
2026-03-24 15:23:10,167 [INFO] [CLIPipeServer] [cli_server/cli_server.py:215]: CLI server started v1.1.6
2026-03-24 15:23:10,168 [INFO] [MainThread] [cli_server/cli_server.py:106]: Log pipe server started
2026-03-24 15:23:10,355 [DEBUG] [MainThread] [qasync._windows._EventPoller/_windows.py:215]: Starting (proactor: <_IocpProactor overlapped#=0 result#=0>)...
2026-03-24 15:23:10,356 [DEBUG] [Dummy-3] [qasync._windows._EventWorker/_windows.py:195]: Thread started
2026-03-24 15:23:10,439 [INFO] [MainThread] [root/main.py:119]: Debug mode enabled.
2026-03-24 15:23:10,569 [DEBUG] [MainThread] [pyvda.build/build.py:53]: Starting feature detection...
2026-03-24 15:23:10,569 [DEBUG] [MainThread] [pyvda.build/build.py:57]: Feature detection complete. Windows version is over 26100
2026-03-24 15:23:11,613 [INFO] [MainThread] [root/traffic.py:74]: Internet checker initialized for interface auto
2026-03-24 15:23:11,634 [INFO] [MainThread] [root/service.py:41]: AudioInputService starting...
2026-03-24 15:23:11,775 [INFO] [MainThread] [root/service.py:52]: AudioOutputService starting...
2026-03-24 15:23:11,878 [INFO] [MainThread] [root/app_bar.py:140]: Bar primary-bar Created on Screen: \\.\DISPLAY1 [Bar Height: 38px, DPI Scale: 1.0]
2026-03-24 15:23:12,961 [INFO] [MainThread] [root/bar_manager.py:88]: Starting WindowsNotificationEventListener...
2026-03-24 15:23:12,963 [ERROR] [MainThread] [root/widget_builder.py:111]: Failed to validate widget(s) due to invalid options  - cava
      noise_reduction:
      - Input should be a valid integer, got a number with a fractional part
      
2026-03-24 15:23:13,432 [INFO] [MainThread] [root/watcher.py:65]: Watching directory: c:\users\monst\.config\yasb
2026-03-24 15:23:13,432 [INFO] [MainThread] [root/watcher.py:104]: Created file watcher
2026-03-24 15:23:13,509 [INFO] [MainThread] [root/update_service.py:429]: Background update checker started
2026-03-24 15:23:27,563 [INFO] [MainThread] [root/controller.py:37]: Exiting Application from context menu...
2026-03-24 15:23:27,670 [INFO] [MainThread] [cli_server/cli_server.py:114]: Log pipe server stopped
2026-03-24 15:23:27,671 [DEBUG] [MainThread] [cli_server/cli_server.py:209]: CLI server stopped
2026-03-24 15:23:28,422 [INFO] [MainThread] [root/bar_manager.py:104]: Stopping WindowsNotificationEventListener...
2026-03-24 15:25:42,950 [INFO] [MainThread] [root/log.py:95]: YASB v1.9.0
2026-03-24 15:25:42,951 [INFO] [CLIPipeServer] [cli_server/cli_server.py:215]: CLI server started v1.1.6
2026-03-24 15:25:42,951 [INFO] [MainThread] [cli_server/cli_server.py:106]: Log pipe server started
2026-03-24 15:25:42,998 [DEBUG] [MainThread] [qasync._windows._EventPoller/_windows.py:215]: Starting (proactor: <_IocpProactor overlapped#=0 result#=0>)...
2026-03-24 15:25:42,999 [DEBUG] [Dummy-3] [qasync._windows._EventWorker/_windows.py:195]: Thread started
2026-03-24 15:25:43,059 [INFO] [MainThread] [root/main.py:119]: Debug mode enabled.
2026-03-24 15:25:43,155 [DEBUG] [MainThread] [pyvda.build/build.py:53]: Starting feature detection...
2026-03-24 15:25:43,156 [DEBUG] [MainThread] [pyvda.build/build.py:57]: Feature detection complete. Windows version is over 26100
2026-03-24 15:25:43,763 [INFO] [MainThread] [root/traffic.py:74]: Internet checker initialized for interface auto
2026-03-24 15:25:43,786 [INFO] [MainThread] [root/service.py:41]: AudioInputService starting...
2026-03-24 15:25:43,890 [INFO] [MainThread] [root/service.py:52]: AudioOutputService starting...
2026-03-24 15:25:43,972 [INFO] [MainThread] [root/app_bar.py:140]: Bar primary-bar Created on Screen: \\.\DISPLAY1 [Bar Height: 38px, DPI Scale: 1.0]
2026-03-24 15:25:45,103 [INFO] [MainThread] [root/bar_manager.py:88]: Starting WindowsNotificationEventListener...
2026-03-24 15:25:45,105 [ERROR] [MainThread] [root/widget_builder.py:111]: Failed to validate widget(s) due to invalid options  - cava
      noise_reduction:
      - Input should be a valid integer, got a number with a fractional part
      
2026-03-24 15:25:45,181 [INFO] [MainThread] [root/watcher.py:65]: Watching directory: c:\users\monst\.config\yasb
2026-03-24 15:25:45,213 [INFO] [MainThread] [root/watcher.py:104]: Created file watcher
2026-03-24 15:25:45,350 [INFO] [MainThread] [root/update_service.py:429]: Background update checker started
2026-03-24 16:49:58,525 [INFO] [MainThread] [root/bar_manager.py:104]: Stopping WindowsNotificationEventListener...
2026-03-24 16:52:25,791 [INFO] [MainThread] [root/log.py:95]: YASB v1.9.0
2026-03-24 16:52:25,795 [INFO] [CLIPipeServer] [cli_server/cli_server.py:215]: CLI server started v1.1.6
2026-03-24 16:52:25,797 [INFO] [MainThread] [cli_server/cli_server.py:106]: Log pipe server started
2026-03-24 16:52:26,418 [DEBUG] [MainThread] [qasync._windows._EventPoller/_windows.py:215]: Starting (proactor: <_IocpProactor overlapped#=0 result#=0>)...
2026-03-24 16:52:26,425 [DEBUG] [Dummy-3] [qasync._windows._EventWorker/_windows.py:195]: Thread started
2026-03-24 16:52:26,560 [INFO] [MainThread] [root/main.py:119]: Debug mode enabled.
2026-03-24 16:52:26,985 [DEBUG] [MainThread] [pyvda.build/build.py:53]: Starting feature detection...
2026-03-24 16:52:26,993 [DEBUG] [MainThread] [pyvda.build/build.py:57]: Feature detection complete. Windows version is over 26100
2026-03-24 16:52:29,631 [INFO] [MainThread] [root/traffic.py:74]: Internet checker initialized for interface auto
2026-03-24 16:52:29,666 [INFO] [MainThread] [root/service.py:41]: AudioInputService starting...
2026-03-24 16:52:30,023 [INFO] [MainThread] [root/service.py:52]: AudioOutputService starting...
2026-03-24 16:52:30,460 [INFO] [MainThread] [root/app_bar.py:140]: Bar primary-bar Created on Screen: \\.\DISPLAY1 [Bar Height: 38px, DPI Scale: 1.0]
2026-03-24 16:52:30,528 [INFO] [MainThread] [root/bar_manager.py:88]: Starting WindowsNotificationEventListener...
2026-03-24 16:52:30,530 [ERROR] [MainThread] [root/widget_builder.py:111]: Failed to validate widget(s) due to invalid options  - cava
      noise_reduction:
      - Input should be a valid integer, got a number with a fractional part
      
2026-03-24 16:52:31,185 [INFO] [MainThread] [root/watcher.py:65]: Watching directory: c:\users\monst\.config\yasb
2026-03-24 16:52:31,185 [INFO] [MainThread] [root/watcher.py:104]: Created file watcher
2026-03-24 16:52:31,315 [INFO] [MainThread] [root/update_service.py:429]: Background update checker started
2026-03-24 17:15:58,767 [INFO] [MainThread] [root/controller.py:37]: Exiting Application from context menu...
2026-03-24 17:15:58,879 [INFO] [MainThread] [cli_server/cli_server.py:114]: Log pipe server stopped
2026-03-24 17:15:58,879 [DEBUG] [MainThread] [cli_server/cli_server.py:209]: CLI server stopped
2026-03-24 17:16:00,010 [INFO] [MainThread] [root/bar_manager.py:104]: Stopping WindowsNotificationEventListener...
2026-03-24 17:24:35,386 [INFO] [MainThread] [root/log.py:99]: YASB v1.9.1
2026-03-24 17:24:35,387 [INFO] [CLIPipeServer] [cli_server/cli_server.py:215]: CLI server started v1.1.6
2026-03-24 17:24:35,388 [INFO] [MainThread] [cli_server/cli_server.py:106]: Log pipe server started
2026-03-24 17:24:35,665 [INFO] [MainThread] [root/main.py:123]: Debug mode enabled.
2026-03-24 17:24:35,865 [DEBUG] [MainThread] [pyvda.build/build.py:53]: Starting feature detection...
2026-03-24 17:24:35,866 [DEBUG] [MainThread] [pyvda.build/build.py:57]: Feature detection complete. Windows version is over 26100
2026-03-24 17:24:35,955 [INFO] [MainThread] [pyvda.notification/notification.py:161]: Registered desktop notification (cookie=14)
2026-03-24 17:24:35,955 [INFO] [MainThread] [core.utils.widgets.windows_desktops.service/service.py:108]: Registered COM virtual desktop event successfully
2026-03-24 17:24:37,091 [INFO] [MainThread] [root/traffic.py:74]: Internet checker initialized for interface auto
2026-03-24 17:24:37,122 [INFO] [MainThread] [root/service.py:41]: AudioInputService starting...
2026-03-24 17:24:37,316 [INFO] [MainThread] [root/service.py:52]: AudioOutputService starting...
2026-03-24 17:24:37,459 [INFO] [MainThread] [root/app_bar.py:140]: Bar primary-bar Created on Screen: \\.\DISPLAY1 [Bar Height: 38px, DPI Scale: 1.0]
2026-03-24 17:24:38,611 [INFO] [MainThread] [root/bar_manager.py:95]: Starting WindowsNotificationEventListener...
2026-03-24 17:24:38,613 [ERROR] [MainThread] [root/widget_builder.py:111]: Failed to validate widget(s) due to invalid options  - cava
      noise_reduction:
      - Input should be a valid integer, got a number with a fractional part
      
2026-03-24 17:24:39,548 [INFO] [MainThread] [root/watcher.py:65]: Watching directory: c:\users\monst\.config\yasb
2026-03-24 17:24:39,548 [INFO] [MainThread] [root/watcher.py:104]: Created file watcher
2026-03-24 17:24:39,687 [INFO] [MainThread] [root/update_service.py:429]: Background update checker started
2026-03-31 19:38:06,806 [INFO] [MainThread] [root/log.py:99]: YASB v1.9.1
2026-03-31 19:38:06,807 [INFO] [CLIPipeServer] [cli_server/cli_server.py:215]: CLI server started v1.1.6
2026-03-31 19:38:06,808 [INFO] [MainThread] [cli_server/cli_server.py:106]: Log pipe server started
2026-03-31 19:38:07,123 [INFO] [MainThread] [root/main.py:123]: Debug mode enabled.
2026-03-31 19:38:07,261 [DEBUG] [MainThread] [pyvda.build/build.py:53]: Starting feature detection...
2026-03-31 19:38:07,262 [DEBUG] [MainThread] [pyvda.build/build.py:57]: Feature detection complete. Windows version is over 26100
2026-03-31 19:38:07,332 [INFO] [MainThread] [pyvda.notification/notification.py:161]: Registered desktop notification (cookie=21)
2026-03-31 19:38:07,332 [INFO] [MainThread] [core.utils.widgets.windows_desktops.service/service.py:108]: Registered COM virtual desktop event successfully
2026-03-31 19:38:08,427 [INFO] [MainThread] [root/traffic.py:74]: Internet checker initialized for interface auto
2026-03-31 19:38:08,446 [INFO] [MainThread] [root/service.py:41]: AudioInputService starting...
2026-03-31 19:38:08,588 [INFO] [MainThread] [root/service.py:52]: AudioOutputService starting...
2026-03-31 19:38:08,703 [INFO] [MainThread] [root/app_bar.py:140]: Bar primary-bar Created on Screen: \\.\DISPLAY1 [Bar Height: 38px, DPI Scale: 1.0]
2026-03-31 19:38:09,802 [INFO] [MainThread] [root/bar_manager.py:95]: Starting WindowsNotificationEventListener...
2026-03-31 19:38:09,803 [ERROR] [MainThread] [root/widget_builder.py:111]: Failed to validate widget(s) due to invalid options  - cava
      noise_reduction:
      - Input should be a valid integer, got a number with a fractional part
      
2026-03-31 19:38:10,367 [INFO] [MainThread] [root/watcher.py:65]: Watching directory: c:\users\monst\.config\yasb
2026-03-31 19:38:10,367 [INFO] [MainThread] [root/watcher.py:104]: Created file watcher
2026-03-31 19:38:10,461 [INFO] [MainThread] [root/update_service.py:429]: Background update checker started
2026-04-01 11:20:51,748 [INFO] [MainThread] [root/log.py:99]: YASB v1.9.1
2026-04-01 11:20:51,750 [INFO] [CLIPipeServer] [cli_server/cli_server.py:215]: CLI server started v1.1.6
2026-04-01 11:20:51,751 [INFO] [MainThread] [cli_server/cli_server.py:106]: Log pipe server started
2026-04-01 11:20:52,069 [INFO] [MainThread] [root/main.py:123]: Debug mode enabled.
2026-04-01 11:20:52,284 [DEBUG] [MainThread] [pyvda.build/build.py:53]: Starting feature detection...
2026-04-01 11:20:52,285 [DEBUG] [MainThread] [pyvda.build/build.py:57]: Feature detection complete. Windows version is over 26100
2026-04-01 11:20:52,496 [INFO] [MainThread] [pyvda.notification/notification.py:161]: Registered desktop notification (cookie=14)
2026-04-01 11:20:52,496 [INFO] [MainThread] [core.utils.widgets.windows_desktops.service/service.py:108]: Registered COM virtual desktop event successfully
2026-04-01 11:20:53,376 [ERROR] [MainThread] [root/traffic_manager.py:163]: Error loading traffic data for interface auto: Expecting value: line 1 column 1 (char 0)
2026-04-01 11:20:53,393 [INFO] [MainThread] [root/traffic.py:74]: Internet checker initialized for interface auto
2026-04-01 11:20:53,422 [INFO] [MainThread] [root/service.py:41]: AudioInputService starting...
2026-04-01 11:20:53,576 [INFO] [MainThread] [root/service.py:52]: AudioOutputService starting...
2026-04-01 11:20:53,682 [INFO] [MainThread] [root/app_bar.py:140]: Bar primary-bar Created on Screen: \\.\DISPLAY1 [Bar Height: 38px, DPI Scale: 1.0]
2026-04-01 11:20:54,282 [INFO] [MainThread] [root/bar_manager.py:95]: Starting WindowsNotificationEventListener...
2026-04-01 11:20:54,282 [ERROR] [MainThread] [root/widget_builder.py:111]: Failed to validate widget(s) due to invalid options  - cava
      noise_reduction:
      - Input should be a valid integer, got a number with a fractional part
      
2026-04-01 11:20:54,750 [INFO] [MainThread] [root/watcher.py:65]: Watching directory: c:\users\monst\.config\yasb
2026-04-01 11:20:54,750 [INFO] [MainThread] [root/watcher.py:104]: Created file watcher
2026-04-01 11:20:54,829 [INFO] [MainThread] [root/update_service.py:429]: Background update checker started
2026-04-01 11:26:29,477 [DEBUG] [Thread-6] [root/watcher.py:90]: Config file modified: c:\users\monst\.config\yasb\config.yaml
2026-04-01 11:26:29,585 [INFO] [MainThread] [root/controller.py:21]: Reloading Application because of config change.
2026-04-01 11:26:29,692 [INFO] [MainThread] [cli_server/cli_server.py:114]: Log pipe server stopped
2026-04-01 11:26:29,692 [DEBUG] [MainThread] [cli_server/cli_server.py:209]: CLI server stopped
2026-04-01 11:26:29,700 [INFO] [MainThread] [root/bar_manager.py:85]: Successfully loaded updated config and re-initialised all bars.
2026-04-01 11:26:30,342 [INFO] [MainThread] [root/bar_manager.py:111]: Stopping WindowsNotificationEventListener...
2026-04-01 11:26:30,388 [INFO] [MainThread] [pyvda.notification/notification.py:168]: Unregistered desktop notification (cookie=14)
2026-04-01 11:26:31,205 [INFO] [MainThread] [root/log.py:99]: YASB v1.9.1
2026-04-01 11:26:31,205 [INFO] [CLIPipeServer] [cli_server/cli_server.py:215]: CLI server started v1.1.6
2026-04-01 11:26:31,206 [INFO] [MainThread] [cli_server/cli_server.py:106]: Log pipe server started
2026-04-01 11:26:31,310 [INFO] [MainThread] [root/main.py:123]: Debug mode enabled.
2026-04-01 11:26:31,411 [DEBUG] [MainThread] [pyvda.build/build.py:53]: Starting feature detection...
2026-04-01 11:26:31,411 [DEBUG] [MainThread] [pyvda.build/build.py:57]: Feature detection complete. Windows version is over 26100
2026-04-01 11:26:31,488 [INFO] [MainThread] [pyvda.notification/notification.py:161]: Registered desktop notification (cookie=17)
2026-04-01 11:26:31,489 [INFO] [MainThread] [core.utils.widgets.windows_desktops.service/service.py:108]: Registered COM virtual desktop event successfully
2026-04-01 11:26:32,214 [INFO] [MainThread] [root/traffic.py:74]: Internet checker initialized for interface auto
2026-04-01 11:26:32,241 [INFO] [MainThread] [root/service.py:41]: AudioInputService starting...
2026-04-01 11:26:32,325 [INFO] [MainThread] [root/service.py:52]: AudioOutputService starting...
2026-04-01 11:26:32,387 [INFO] [MainThread] [root/app_bar.py:140]: Bar primary-bar Created on Screen: \\.\DISPLAY1 [Bar Height: 38px, DPI Scale: 1.0]
2026-04-01 11:26:32,984 [INFO] [MainThread] [root/bar_manager.py:95]: Starting WindowsNotificationEventListener...
2026-04-01 11:26:32,987 [INFO] [MainThread] [root/watcher.py:65]: Watching directory: c:\users\monst\.config\yasb
2026-04-01 11:26:32,987 [INFO] [MainThread] [root/watcher.py:104]: Created file watcher
2026-04-01 11:26:33,140 [INFO] [MainThread] [root/update_service.py:429]: Background update checker started
2026-04-01 11:27:16,490 [DEBUG] [Thread-6] [root/watcher.py:90]: Config file modified: c:\users\monst\.config\yasb\config.yaml
2026-04-02 11:01:04,503 [INFO] [MainThread] [root/bar_helper.py:561]: AppBarManager need to re-register 1 bar
2026-04-02 11:01:04,892 [INFO] [MainThread] [root/app_bar.py:140]: Bar primary-bar Created on Screen: \\.\DISPLAY1 [Bar Height: 38px, DPI Scale: 1.0]
2026-04-02 11:01:05,432 [INFO] [MainThread] [root/bar_helper.py:570]: Re-registered AppBar for primary-bar_DISPLAY1_b15b4a15 (space reservation + fullscreen)
2026-04-02 21:21:46,684 [ERROR] [MainThread] [root/windows_desktops.py:88]: Failed to focus desktop at index 2
Traceback (most recent call last):
  File "D:\a\yasb\yasb\src\core\widgets\yasb\windows_desktops.py", line 85, in activate_workspace
  File "D:\a\yasb\yasb\src\core\utils\widgets\windows_desktops\service.py", line 220, in switch_desktop
  File "D:\a\yasb\yasb\venv\Lib\site-packages\pyvda\pyvda.py", line 268, in __init__
  File "D:\a\yasb\yasb\venv\Lib\site-packages\pyvda\com_defns.py", line 332, in get_all_desktops
_ctypes.COMError: (-2147023174, 'The RPC server is unavailable.', (None, None, None, 0, None))
2026-04-02 21:21:47,526 [ERROR] [MainThread] [root/windows_desktops.py:88]: Failed to focus desktop at index 2
Traceback (most recent call last):
  File "D:\a\yasb\yasb\src\core\widgets\yasb\windows_desktops.py", line 85, in activate_workspace
  File "D:\a\yasb\yasb\src\core\utils\widgets\windows_desktops\service.py", line 220, in switch_desktop
  File "D:\a\yasb\yasb\venv\Lib\site-packages\pyvda\pyvda.py", line 268, in __init__
  File "D:\a\yasb\yasb\venv\Lib\site-packages\pyvda\com_defns.py", line 332, in get_all_desktops
_ctypes.COMError: (-2147023174, 'The RPC server is unavailable.', (None, None, None, 0, None))
2026-04-02 21:21:50,995 [INFO] [MainThread] [root/controller.py:21]: Reloading Bar from context menu...
2026-04-02 21:21:51,112 [INFO] [MainThread] [cli_server/cli_server.py:114]: Log pipe server stopped
2026-04-02 21:21:51,113 [DEBUG] [MainThread] [cli_server/cli_server.py:209]: CLI server stopped
2026-04-02 21:21:52,243 [INFO] [MainThread] [root/bar_manager.py:111]: Stopping WindowsNotificationEventListener...
2026-04-02 21:21:52,323 [DEBUG] [MainThread] [core.utils.widgets.windows_desktops.service/service.py:121]: Failed to unregister COM notifications
2026-04-02 21:21:53,923 [INFO] [MainThread] [root/log.py:99]: YASB v1.9.1
2026-04-02 21:21:53,924 [INFO] [CLIPipeServer] [cli_server/cli_server.py:215]: CLI server started v1.1.6
2026-04-02 21:21:53,925 [INFO] [MainThread] [cli_server/cli_server.py:106]: Log pipe server started
2026-04-02 21:21:54,192 [INFO] [MainThread] [root/main.py:123]: Debug mode enabled.
2026-04-02 21:21:54,314 [DEBUG] [MainThread] [pyvda.build/build.py:53]: Starting feature detection...
2026-04-02 21:21:54,315 [DEBUG] [MainThread] [pyvda.build/build.py:57]: Feature detection complete. Windows version is over 26100
2026-04-02 21:21:54,401 [INFO] [MainThread] [pyvda.notification/notification.py:161]: Registered desktop notification (cookie=15)
2026-04-02 21:21:54,401 [INFO] [MainThread] [core.utils.widgets.windows_desktops.service/service.py:108]: Registered COM virtual desktop event successfully
2026-04-02 21:21:55,517 [INFO] [MainThread] [root/traffic.py:74]: Internet checker initialized for interface auto
2026-04-02 21:21:55,538 [INFO] [MainThread] [root/service.py:41]: AudioInputService starting...
2026-04-02 21:21:55,666 [INFO] [MainThread] [root/service.py:52]: AudioOutputService starting...
2026-04-02 21:21:55,774 [INFO] [MainThread] [root/app_bar.py:140]: Bar primary-bar Created on Screen: \\.\DISPLAY1 [Bar Height: 38px, DPI Scale: 1.0]
2026-04-02 21:21:56,366 [INFO] [MainThread] [root/bar_manager.py:95]: Starting WindowsNotificationEventListener...
2026-04-02 21:21:56,369 [INFO] [MainThread] [root/watcher.py:65]: Watching directory: c:\users\monst\.config\yasb
2026-04-02 21:21:56,369 [INFO] [MainThread] [root/watcher.py:104]: Created file watcher
2026-04-02 21:21:56,881 [INFO] [MainThread] [root/update_service.py:429]: Background update checker started
2026-04-02 21:41:04,317 [DEBUG] [Thread-6] [root/watcher.py:90]: Config file modified: c:\users\monst\.config\yasb\config.yaml
2026-04-02 21:41:04,326 [INFO] [MainThread] [root/controller.py:21]: Reloading Application because of config change.
2026-04-02 21:41:04,349 [DEBUG] [Thread-6] [root/watcher.py:90]: Config file modified: c:\users\monst\.config\yasb\config.yaml
2026-04-02 21:41:04,431 [INFO] [MainThread] [cli_server/cli_server.py:114]: Log pipe server stopped
2026-04-02 21:41:04,431 [DEBUG] [MainThread] [cli_server/cli_server.py:209]: CLI server stopped
2026-04-02 21:41:04,439 [INFO] [MainThread] [root/bar_manager.py:85]: Successfully loaded updated config and re-initialised all bars.
2026-04-02 21:41:05,545 [INFO] [MainThread] [root/bar_manager.py:111]: Stopping WindowsNotificationEventListener...
2026-04-02 21:41:05,616 [INFO] [MainThread] [pyvda.notification/notification.py:168]: Unregistered desktop notification (cookie=15)
2026-04-02 21:41:06,435 [INFO] [MainThread] [root/log.py:99]: YASB v1.9.1
2026-04-02 21:41:06,435 [INFO] [CLIPipeServer] [cli_server/cli_server.py:215]: CLI server started v1.1.6
2026-04-02 21:41:06,436 [INFO] [MainThread] [cli_server/cli_server.py:106]: Log pipe server started
2026-04-02 21:41:06,531 [INFO] [MainThread] [root/main.py:123]: Debug mode enabled.
2026-04-02 21:41:06,610 [DEBUG] [MainThread] [pyvda.build/build.py:53]: Starting feature detection...
2026-04-02 21:41:06,611 [DEBUG] [MainThread] [pyvda.build/build.py:57]: Feature detection complete. Windows version is over 26100
2026-04-02 21:41:06,671 [INFO] [MainThread] [pyvda.notification/notification.py:161]: Registered desktop notification (cookie=16)
2026-04-02 21:41:06,671 [INFO] [MainThread] [core.utils.widgets.windows_desktops.service/service.py:108]: Registered COM virtual desktop event successfully
2026-04-02 21:41:07,387 [INFO] [MainThread] [root/traffic.py:74]: Internet checker initialized for interface auto
2026-04-02 21:41:07,419 [INFO] [MainThread] [root/service.py:41]: AudioInputService starting...
2026-04-02 21:41:07,524 [INFO] [MainThread] [root/service.py:52]: AudioOutputService starting...
2026-04-02 21:41:07,609 [INFO] [MainThread] [root/app_bar.py:140]: Bar primary-bar Created on Screen: \\.\DISPLAY1 [Bar Height: 38px, DPI Scale: 1.0]
2026-04-02 21:41:08,239 [INFO] [MainThread] [root/bar_manager.py:95]: Starting WindowsNotificationEventListener...
2026-04-02 21:41:08,247 [INFO] [MainThread] [root/watcher.py:65]: Watching directory: c:\users\monst\.config\yasb
2026-04-02 21:41:08,248 [INFO] [MainThread] [root/watcher.py:104]: Created file watcher
2026-04-02 21:41:08,419 [INFO] [MainThread] [root/update_service.py:429]: Background update checker started
2026-04-02 21:41:25,635 [DEBUG] [Thread-6] [root/watcher.py:90]: Config file modified: c:\users\monst\.config\yasb\config.yaml
2026-04-02 21:41:25,676 [DEBUG] [Thread-6] [root/watcher.py:90]: Config file modified: c:\users\monst\.config\yasb\config.yaml
2026-04-03 11:51:10,440 [INFO] [MainThread] [root/controller.py:21]: Reloading Bar from context menu...
2026-04-03 11:51:10,545 [INFO] [MainThread] [cli_server/cli_server.py:114]: Log pipe server stopped
2026-04-03 11:51:10,546 [DEBUG] [MainThread] [cli_server/cli_server.py:209]: CLI server stopped
2026-04-03 11:51:11,868 [INFO] [MainThread] [root/bar_manager.py:111]: Stopping WindowsNotificationEventListener...
2026-04-03 11:51:12,028 [INFO] [MainThread] [pyvda.notification/notification.py:168]: Unregistered desktop notification (cookie=16)
2026-04-03 11:51:16,799 [INFO] [MainThread] [root/log.py:99]: YASB v1.9.1
2026-04-03 11:51:16,800 [INFO] [CLIPipeServer] [cli_server/cli_server.py:215]: CLI server started v1.1.6
2026-04-03 11:51:16,804 [INFO] [MainThread] [cli_server/cli_server.py:106]: Log pipe server started
2026-04-03 11:51:17,531 [INFO] [MainThread] [root/main.py:123]: Debug mode enabled.
2026-04-03 11:51:17,818 [DEBUG] [MainThread] [pyvda.build/build.py:53]: Starting feature detection...
2026-04-03 11:51:17,819 [DEBUG] [MainThread] [pyvda.build/build.py:57]: Feature detection complete. Windows version is over 26100
2026-04-03 11:51:17,973 [INFO] [MainThread] [pyvda.notification/notification.py:161]: Registered desktop notification (cookie=17)
2026-04-03 11:51:17,974 [INFO] [MainThread] [core.utils.widgets.windows_desktops.service/service.py:108]: Registered COM virtual desktop event successfully
2026-04-03 11:51:20,008 [INFO] [MainThread] [root/traffic.py:74]: Internet checker initialized for interface auto
2026-04-03 11:51:20,048 [INFO] [MainThread] [root/service.py:41]: AudioInputService starting...
2026-04-03 11:51:20,249 [INFO] [MainThread] [root/service.py:52]: AudioOutputService starting...
2026-04-03 11:51:20,468 [INFO] [MainThread] [root/app_bar.py:140]: Bar primary-bar Created on Screen: \\.\DISPLAY1 [Bar Height: 38px, DPI Scale: 1.0]
2026-04-03 11:51:21,228 [INFO] [MainThread] [root/bar_manager.py:95]: Starting WindowsNotificationEventListener...
2026-04-03 11:51:21,234 [INFO] [MainThread] [root/watcher.py:65]: Watching directory: c:\users\monst\.config\yasb
2026-04-03 11:51:21,235 [INFO] [MainThread] [root/watcher.py:104]: Created file watcher
2026-04-03 11:51:22,908 [INFO] [MainThread] [root/update_service.py:429]: Background update checker started
2026-04-03 13:25:29,721 [INFO] [MainThread] [root/log.py:99]: YASB v1.9.1
2026-04-03 13:25:29,722 [INFO] [CLIPipeServer] [cli_server/cli_server.py:215]: CLI server started v1.1.6
2026-04-03 13:25:29,723 [INFO] [MainThread] [cli_server/cli_server.py:106]: Log pipe server started
2026-04-03 13:25:30,028 [INFO] [MainThread] [root/main.py:123]: Debug mode enabled.
2026-04-03 13:25:30,151 [DEBUG] [MainThread] [pyvda.build/build.py:53]: Starting feature detection...
2026-04-03 13:25:30,151 [DEBUG] [MainThread] [pyvda.build/build.py:57]: Feature detection complete. Windows version is over 26100
2026-04-03 13:25:30,210 [INFO] [MainThread] [pyvda.notification/notification.py:161]: Registered desktop notification (cookie=14)
2026-04-03 13:25:30,210 [INFO] [MainThread] [core.utils.widgets.windows_desktops.service/service.py:108]: Registered COM virtual desktop event successfully
2026-04-03 13:25:31,125 [ERROR] [MainThread] [root/traffic_manager.py:163]: Error loading traffic data for interface auto: Expecting value: line 1 column 1 (char 0)
2026-04-03 13:25:31,142 [INFO] [MainThread] [root/traffic.py:74]: Internet checker initialized for interface auto
2026-04-03 13:25:31,170 [INFO] [MainThread] [root/service.py:41]: AudioInputService starting...
2026-04-03 13:25:31,334 [INFO] [MainThread] [root/service.py:52]: AudioOutputService starting...
2026-04-03 13:25:31,435 [INFO] [MainThread] [root/app_bar.py:140]: Bar primary-bar Created on Screen: \\.\DISPLAY1 [Bar Height: 38px, DPI Scale: 1.0]
2026-04-03 13:25:31,999 [INFO] [MainThread] [root/bar_manager.py:95]: Starting WindowsNotificationEventListener...
2026-04-03 13:25:32,002 [INFO] [MainThread] [root/watcher.py:65]: Watching directory: c:\users\monst\.config\yasb
2026-04-03 13:25:32,002 [INFO] [MainThread] [root/watcher.py:104]: Created file watcher
2026-04-03 13:25:32,435 [INFO] [MainThread] [root/update_service.py:429]: Background update checker started
2026-04-04 15:11:52,392 [INFO] [MainThread] [root/controller.py:21]: Reloading Bar from context menu...
2026-04-04 15:11:52,509 [INFO] [MainThread] [cli_server/cli_server.py:114]: Log pipe server stopped
2026-04-04 15:11:52,509 [DEBUG] [MainThread] [cli_server/cli_server.py:209]: CLI server stopped
2026-04-04 15:11:53,822 [INFO] [MainThread] [root/bar_manager.py:111]: Stopping WindowsNotificationEventListener...
2026-04-04 15:11:54,005 [INFO] [MainThread] [pyvda.notification/notification.py:168]: Unregistered desktop notification (cookie=14)
2026-04-04 15:11:56,729 [INFO] [MainThread] [root/log.py:99]: YASB v1.9.1
2026-04-04 15:11:56,729 [INFO] [CLIPipeServer] [cli_server/cli_server.py:215]: CLI server started v1.1.6
2026-04-04 15:11:56,730 [INFO] [MainThread] [cli_server/cli_server.py:106]: Log pipe server started
2026-04-04 15:11:57,039 [INFO] [MainThread] [root/main.py:123]: Debug mode enabled.
2026-04-04 15:11:57,185 [DEBUG] [MainThread] [pyvda.build/build.py:53]: Starting feature detection...
2026-04-04 15:11:57,186 [DEBUG] [MainThread] [pyvda.build/build.py:57]: Feature detection complete. Windows version is over 26100
2026-04-04 15:11:57,259 [INFO] [MainThread] [pyvda.notification/notification.py:161]: Registered desktop notification (cookie=19)
2026-04-04 15:11:57,259 [INFO] [MainThread] [core.utils.widgets.windows_desktops.service/service.py:108]: Registered COM virtual desktop event successfully
2026-04-04 15:11:58,629 [INFO] [MainThread] [root/traffic.py:74]: Internet checker initialized for interface auto
2026-04-04 15:11:58,679 [INFO] [MainThread] [root/service.py:41]: AudioInputService starting...
2026-04-04 15:11:58,959 [INFO] [MainThread] [root/service.py:52]: AudioOutputService starting...
2026-04-04 15:11:59,138 [INFO] [MainThread] [root/app_bar.py:140]: Bar primary-bar Created on Screen: \\.\DISPLAY1 [Bar Height: 38px, DPI Scale: 1.0]
2026-04-04 15:11:59,868 [INFO] [MainThread] [root/bar_manager.py:95]: Starting WindowsNotificationEventListener...
2026-04-04 15:11:59,872 [INFO] [MainThread] [root/watcher.py:65]: Watching directory: c:\users\monst\.config\yasb
2026-04-04 15:11:59,873 [INFO] [MainThread] [root/watcher.py:104]: Created file watcher
2026-04-04 15:12:00,641 [INFO] [MainThread] [root/update_service.py:429]: Background update checker started
2026-04-06 19:01:58,840 [INFO] [MainThread] [root/bar_helper.py:561]: AppBarManager need to re-register 1 bar
2026-04-06 19:01:59,183 [INFO] [MainThread] [root/app_bar.py:140]: Bar primary-bar Created on Screen: \\.\DISPLAY1 [Bar Height: 38px, DPI Scale: 1.0]
2026-04-06 19:01:59,708 [INFO] [MainThread] [root/bar_helper.py:570]: Re-registered AppBar for primary-bar_DISPLAY1_a3b18bc8 (space reservation + fullscreen)
2026-04-06 19:02:20,208 [INFO] [MainThread] [root/bar_manager.py:111]: Stopping WindowsNotificationEventListener...
2026-04-06 19:20:19,560 [INFO] [MainThread] [root/log.py:99]: YASB v1.9.1
2026-04-06 19:20:19,561 [INFO] [CLIPipeServer] [cli_server/cli_server.py:215]: CLI server started v1.1.6
2026-04-06 19:20:19,562 [INFO] [MainThread] [cli_server/cli_server.py:106]: Log pipe server started
2026-04-06 19:20:19,945 [INFO] [MainThread] [root/main.py:123]: Debug mode enabled.
2026-04-06 19:20:20,068 [DEBUG] [MainThread] [pyvda.build/build.py:53]: Starting feature detection...
2026-04-06 19:20:20,069 [DEBUG] [MainThread] [pyvda.build/build.py:57]: Feature detection complete. Windows version is over 26100
2026-04-06 19:20:20,135 [INFO] [MainThread] [pyvda.notification/notification.py:161]: Registered desktop notification (cookie=14)
2026-04-06 19:20:20,135 [INFO] [MainThread] [core.utils.widgets.windows_desktops.service/service.py:108]: Registered COM virtual desktop event successfully
2026-04-06 19:20:21,046 [INFO] [MainThread] [root/traffic.py:74]: Internet checker initialized for interface auto
2026-04-06 19:20:21,066 [INFO] [MainThread] [root/service.py:41]: AudioInputService starting...
2026-04-06 19:20:21,199 [INFO] [MainThread] [root/service.py:52]: AudioOutputService starting...
2026-04-06 19:20:21,278 [INFO] [MainThread] [root/app_bar.py:140]: Bar primary-bar Created on Screen: \\.\DISPLAY1 [Bar Height: 38px, DPI Scale: 1.0]
2026-04-06 19:20:21,895 [INFO] [MainThread] [root/bar_manager.py:95]: Starting WindowsNotificationEventListener...
2026-04-06 19:20:21,898 [INFO] [MainThread] [root/watcher.py:65]: Watching directory: c:\users\monst\.config\yasb
2026-04-06 19:20:21,898 [INFO] [MainThread] [root/watcher.py:104]: Created file watcher
2026-04-06 19:20:22,397 [INFO] [MainThread] [root/update_service.py:429]: Background update checker started
2026-04-06 19:20:22,868 [WARNING] [UpdateChecker] [root/update_service.py:296]: Network error checking for updates: [Errno 11001] getaddrinfo failed
2026-04-06 19:20:22,868 [WARNING] [UpdateChecker] [root/update_service.py:425]: Background update check failed: <urlopen error [Errno 11001] getaddrinfo failed>
2026-04-06 20:04:04,787 [INFO] [MainThread] [root/log.py:99]: YASB v1.9.1
2026-04-06 20:04:04,799 [INFO] [CLIPipeServer] [cli_server/cli_server.py:215]: CLI server started v1.1.6
2026-04-06 20:04:04,806 [INFO] [MainThread] [cli_server/cli_server.py:106]: Log pipe server started
2026-04-06 20:04:08,166 [INFO] [MainThread] [root/main.py:123]: Debug mode enabled.
2026-04-06 20:04:11,932 [DEBUG] [MainThread] [pyvda.build/build.py:53]: Starting feature detection...
2026-04-06 20:04:11,933 [DEBUG] [MainThread] [pyvda.build/build.py:57]: Feature detection complete. Windows version is over 26100
2026-04-06 20:04:14,157 [INFO] [MainThread] [pyvda.notification/notification.py:161]: Registered desktop notification (cookie=15)
2026-04-06 20:04:14,158 [INFO] [MainThread] [core.utils.widgets.windows_desktops.service/service.py:108]: Registered COM virtual desktop event successfully
2026-04-06 20:04:35,807 [ERROR] [MainThread] [root/traffic_manager.py:163]: Error loading traffic data for interface auto: Expecting value: line 1 column 1 (char 0)
2026-04-06 20:04:36,311 [INFO] [MainThread] [root/traffic.py:74]: Internet checker initialized for interface auto
2026-04-06 20:04:37,409 [INFO] [MainThread] [root/service.py:41]: AudioInputService starting...
2026-04-06 20:04:40,837 [INFO] [MainThread] [root/service.py:52]: AudioOutputService starting...
2026-04-06 20:04:43,216 [INFO] [MainThread] [root/app_bar.py:140]: Bar primary-bar Created on Screen: \\.\DISPLAY1 [Bar Height: 38px, DPI Scale: 1.0]
2026-04-06 20:04:52,377 [INFO] [MainThread] [root/bar_manager.py:95]: Starting WindowsNotificationEventListener...
2026-04-06 20:04:52,425 [INFO] [MainThread] [root/watcher.py:65]: Watching directory: c:\users\monst\.config\yasb
2026-04-06 20:04:52,425 [INFO] [MainThread] [root/watcher.py:104]: Created file watcher
2026-04-06 20:04:57,991 [INFO] [MainThread] [root/update_service.py:429]: Background update checker started
2026-04-10 10:13:33,398 [INFO] [MainThread] [root/controller.py:21]: Reloading Bar from context menu...
2026-04-10 10:13:33,513 [INFO] [MainThread] [cli_server/cli_server.py:114]: Log pipe server stopped
2026-04-10 10:13:33,513 [DEBUG] [MainThread] [cli_server/cli_server.py:209]: CLI server stopped
2026-04-10 10:13:35,565 [INFO] [MainThread] [root/bar_manager.py:111]: Stopping WindowsNotificationEventListener...
2026-04-10 10:13:35,740 [INFO] [MainThread] [pyvda.notification/notification.py:168]: Unregistered desktop notification (cookie=15)
2026-04-10 10:13:39,011 [INFO] [MainThread] [root/log.py:99]: YASB v1.9.1
2026-04-10 10:13:39,013 [INFO] [CLIPipeServer] [cli_server/cli_server.py:215]: CLI server started v1.1.6
2026-04-10 10:13:39,014 [INFO] [MainThread] [cli_server/cli_server.py:106]: Log pipe server started
2026-04-10 10:13:39,423 [INFO] [MainThread] [root/main.py:123]: Debug mode enabled.
2026-04-10 10:13:39,604 [DEBUG] [MainThread] [pyvda.build/build.py:53]: Starting feature detection...
2026-04-10 10:13:39,605 [DEBUG] [MainThread] [pyvda.build/build.py:57]: Feature detection complete. Windows version is over 26100
2026-04-10 10:13:39,710 [INFO] [MainThread] [pyvda.notification/notification.py:161]: Registered desktop notification (cookie=20)
2026-04-10 10:13:39,711 [INFO] [MainThread] [core.utils.widgets.windows_desktops.service/service.py:108]: Registered COM virtual desktop event successfully
2026-04-10 10:13:42,099 [INFO] [MainThread] [root/traffic.py:74]: Internet checker initialized for interface auto
2026-04-10 10:13:42,140 [INFO] [MainThread] [root/service.py:41]: AudioInputService starting...
2026-04-10 10:13:42,392 [INFO] [MainThread] [root/service.py:52]: AudioOutputService starting...
2026-04-10 10:13:42,864 [INFO] [MainThread] [root/app_bar.py:140]: Bar primary-bar Created on Screen: \\.\DISPLAY1 [Bar Height: 38px, DPI Scale: 1.0]
2026-04-10 10:13:43,537 [INFO] [MainThread] [root/bar_manager.py:95]: Starting WindowsNotificationEventListener...
2026-04-10 10:13:43,543 [INFO] [MainThread] [root/watcher.py:65]: Watching directory: c:\users\monst\.config\yasb
2026-04-10 10:13:43,544 [INFO] [MainThread] [root/watcher.py:104]: Created file watcher
2026-04-10 10:13:44,600 [INFO] [MainThread] [root/update_service.py:429]: Background update checker started
2026-04-10 23:19:41,023 [INFO] [MainThread] [root/bar_helper.py:561]: AppBarManager need to re-register 1 bar
2026-04-10 23:19:41,473 [INFO] [MainThread] [root/app_bar.py:140]: Bar primary-bar Created on Screen: \\.\DISPLAY1 [Bar Height: 38px, DPI Scale: 1.0]
2026-04-10 23:19:41,700 [INFO] [MainThread] [root/bar_helper.py:570]: Re-registered AppBar for primary-bar_DISPLAY1_ba5e570b (space reservation + fullscreen)
2026-04-11 00:05:14,385 [ERROR] [MainThread] [root/windows_desktops.py:88]: Failed to focus desktop at index 2
Traceback (most recent call last):
  File "D:\a\yasb\yasb\src\core\widgets\yasb\windows_desktops.py", line 85, in activate_workspace
  File "D:\a\yasb\yasb\src\core\utils\widgets\windows_desktops\service.py", line 220, in switch_desktop
  File "D:\a\yasb\yasb\venv\Lib\site-packages\pyvda\pyvda.py", line 268, in __init__
  File "D:\a\yasb\yasb\venv\Lib\site-packages\pyvda\com_defns.py", line 332, in get_all_desktops
_ctypes.COMError: (-2147023174, 'The RPC server is unavailable.', (None, None, None, 0, None))
2026-04-11 00:05:16,784 [INFO] [MainThread] [root/controller.py:21]: Reloading Bar from context menu...
2026-04-11 00:05:16,897 [INFO] [MainThread] [cli_server/cli_server.py:114]: Log pipe server stopped
2026-04-11 00:05:16,898 [DEBUG] [MainThread] [cli_server/cli_server.py:209]: CLI server stopped
2026-04-11 00:05:18,055 [INFO] [MainThread] [root/bar_manager.py:111]: Stopping WindowsNotificationEventListener...
2026-04-11 00:05:18,157 [DEBUG] [MainThread] [core.utils.widgets.windows_desktops.service/service.py:121]: Failed to unregister COM notifications
2026-04-11 00:05:19,910 [INFO] [MainThread] [root/log.py:99]: YASB v1.9.1
2026-04-11 00:05:19,911 [INFO] [CLIPipeServer] [cli_server/cli_server.py:215]: CLI server started v1.1.6
2026-04-11 00:05:19,911 [INFO] [MainThread] [cli_server/cli_server.py:106]: Log pipe server started
2026-04-11 00:05:20,206 [INFO] [MainThread] [root/main.py:123]: Debug mode enabled.
2026-04-11 00:05:20,332 [DEBUG] [MainThread] [pyvda.build/build.py:53]: Starting feature detection...
2026-04-11 00:05:20,333 [DEBUG] [MainThread] [pyvda.build/build.py:57]: Feature detection complete. Windows version is over 26100
2026-04-11 00:05:20,393 [INFO] [MainThread] [pyvda.notification/notification.py:161]: Registered desktop notification (cookie=14)
2026-04-11 00:05:20,393 [INFO] [MainThread] [core.utils.widgets.windows_desktops.service/service.py:108]: Registered COM virtual desktop event successfully
2026-04-11 00:05:21,542 [INFO] [MainThread] [root/traffic.py:74]: Internet checker initialized for interface auto
2026-04-11 00:05:21,561 [INFO] [MainThread] [root/service.py:41]: AudioInputService starting...
2026-04-11 00:05:21,690 [INFO] [MainThread] [root/service.py:52]: AudioOutputService starting...
2026-04-11 00:05:21,865 [INFO] [MainThread] [root/app_bar.py:140]: Bar primary-bar Created on Screen: \\.\DISPLAY1 [Bar Height: 38px, DPI Scale: 1.0]
2026-04-11 00:05:22,469 [INFO] [MainThread] [root/bar_manager.py:95]: Starting WindowsNotificationEventListener...
2026-04-11 00:05:22,472 [INFO] [MainThread] [root/watcher.py:65]: Watching directory: c:\users\monst\.config\yasb
2026-04-11 00:05:22,472 [INFO] [MainThread] [root/watcher.py:104]: Created file watcher
2026-04-11 00:05:23,001 [INFO] [MainThread] [root/update_service.py:429]: Background update checker started
2026-04-18 22:43:18,074 [INFO] [MainThread] [root/bar_helper.py:561]: AppBarManager need to re-register 1 bar
2026-04-18 22:43:18,621 [INFO] [MainThread] [root/app_bar.py:140]: Bar primary-bar Created on Screen: \\.\DISPLAY1 [Bar Height: 38px, DPI Scale: 1.0]
2026-04-18 22:43:19,155 [INFO] [MainThread] [root/bar_helper.py:570]: Re-registered AppBar for primary-bar_DISPLAY1_8cdf9f05 (space reservation + fullscreen)
2026-04-19 12:54:05,137 [INFO] [MainThread] [root/controller.py:21]: Reloading Bar from context menu...
2026-04-19 12:54:05,247 [INFO] [MainThread] [cli_server/cli_server.py:114]: Log pipe server stopped
2026-04-19 12:54:05,247 [DEBUG] [MainThread] [cli_server/cli_server.py:209]: CLI server stopped
2026-04-19 12:54:06,532 [INFO] [MainThread] [root/bar_manager.py:111]: Stopping WindowsNotificationEventListener...
2026-04-19 12:54:06,767 [DEBUG] [MainThread] [core.utils.widgets.windows_desktops.service/service.py:121]: Failed to unregister COM notifications
2026-04-19 12:54:12,980 [INFO] [MainThread] [root/log.py:99]: YASB v1.9.1
2026-04-19 12:54:12,985 [INFO] [CLIPipeServer] [cli_server/cli_server.py:215]: CLI server started v1.1.6
2026-04-19 12:54:12,986 [INFO] [MainThread] [cli_server/cli_server.py:106]: Log pipe server started
2026-04-19 12:54:13,951 [INFO] [MainThread] [root/main.py:123]: Debug mode enabled.
2026-04-19 12:54:14,215 [DEBUG] [MainThread] [pyvda.build/build.py:53]: Starting feature detection...
2026-04-19 12:54:14,216 [DEBUG] [MainThread] [pyvda.build/build.py:57]: Feature detection complete. Windows version is over 26100
2026-04-19 12:54:14,327 [INFO] [MainThread] [pyvda.notification/notification.py:161]: Registered desktop notification (cookie=14)
2026-04-19 12:54:14,327 [INFO] [MainThread] [core.utils.widgets.windows_desktops.service/service.py:108]: Registered COM virtual desktop event successfully
2026-04-19 12:54:16,075 [INFO] [MainThread] [root/traffic.py:74]: Internet checker initialized for interface auto
2026-04-19 12:54:16,112 [INFO] [MainThread] [root/service.py:41]: AudioInputService starting...
2026-04-19 12:54:16,343 [INFO] [MainThread] [root/service.py:52]: AudioOutputService starting...
2026-04-19 12:54:16,596 [INFO] [MainThread] [root/app_bar.py:140]: Bar primary-bar Created on Screen: \\.\DISPLAY1 [Bar Height: 38px, DPI Scale: 1.0]
2026-04-19 12:54:17,312 [INFO] [MainThread] [root/bar_manager.py:95]: Starting WindowsNotificationEventListener...
2026-04-19 12:54:17,316 [INFO] [MainThread] [root/watcher.py:65]: Watching directory: c:\users\monst\.config\yasb
2026-04-19 12:54:17,316 [INFO] [MainThread] [root/watcher.py:104]: Created file watcher
2026-04-19 12:54:18,159 [INFO] [MainThread] [root/update_service.py:429]: Background update checker started
2026-04-19 23:40:45,073 [INFO] [MainThread] [root/log.py:99]: YASB v1.9.1
2026-04-19 23:40:45,077 [INFO] [CLIPipeServer] [cli_server/cli_server.py:215]: CLI server started v1.1.6
2026-04-19 23:40:45,078 [INFO] [MainThread] [cli_server/cli_server.py:106]: Log pipe server started
2026-04-19 23:40:45,619 [INFO] [MainThread] [root/main.py:123]: Debug mode enabled.
2026-04-19 23:40:45,961 [DEBUG] [MainThread] [pyvda.build/build.py:53]: Starting feature detection...
2026-04-19 23:40:45,962 [DEBUG] [MainThread] [pyvda.build/build.py:57]: Feature detection complete. Windows version is over 26100
2026-04-19 23:40:46,065 [INFO] [MainThread] [pyvda.notification/notification.py:161]: Registered desktop notification (cookie=15)
2026-04-19 23:40:46,065 [INFO] [MainThread] [core.utils.widgets.windows_desktops.service/service.py:108]: Registered COM virtual desktop event successfully
2026-04-19 23:40:49,233 [INFO] [MainThread] [root/traffic.py:74]: Internet checker initialized for interface auto
2026-04-19 23:40:49,261 [INFO] [MainThread] [root/service.py:41]: AudioInputService starting...
2026-04-19 23:40:49,547 [INFO] [MainThread] [root/service.py:52]: AudioOutputService starting...
2026-04-19 23:40:49,754 [INFO] [MainThread] [root/app_bar.py:140]: Bar primary-bar Created on Screen: \\.\DISPLAY1 [Bar Height: 38px, DPI Scale: 1.0]
2026-04-19 23:40:50,031 [INFO] [MainThread] [root/bar_manager.py:95]: Starting WindowsNotificationEventListener...
2026-04-19 23:40:50,036 [INFO] [MainThread] [root/watcher.py:65]: Watching directory: c:\users\monst\.config\yasb
2026-04-19 23:40:50,037 [INFO] [MainThread] [root/watcher.py:104]: Created file watcher
2026-04-19 23:40:52,228 [INFO] [MainThread] [root/update_service.py:429]: Background update checker started
2026-04-20 00:51:36,930 [INFO] [MainThread] [root/bar_helper.py:561]: AppBarManager need to re-register 1 bar
2026-04-20 00:51:37,355 [INFO] [MainThread] [root/app_bar.py:140]: Bar primary-bar Created on Screen: \\.\DISPLAY1 [Bar Height: 38px, DPI Scale: 1.0]
2026-04-20 00:51:37,423 [INFO] [MainThread] [root/bar_helper.py:570]: Re-registered AppBar for primary-bar_DISPLAY1_c01a9018 (space reservation + fullscreen)
2026-04-20 01:47:03,353 [INFO] [MainThread] [root/controller.py:21]: Reloading Bar from context menu...
2026-04-20 01:47:03,464 [INFO] [MainThread] [cli_server/cli_server.py:114]: Log pipe server stopped
2026-04-20 01:47:03,464 [DEBUG] [MainThread] [cli_server/cli_server.py:209]: CLI server stopped
2026-04-20 01:47:03,671 [INFO] [MainThread] [root/bar_manager.py:111]: Stopping WindowsNotificationEventListener...
2026-04-20 01:47:03,854 [DEBUG] [MainThread] [core.utils.widgets.windows_desktops.service/service.py:121]: Failed to unregister COM notifications
2026-04-20 01:47:05,700 [INFO] [MainThread] [root/log.py:99]: YASB v1.9.1
2026-04-20 01:47:05,701 [INFO] [CLIPipeServer] [cli_server/cli_server.py:215]: CLI server started v1.1.6
2026-04-20 01:47:05,702 [INFO] [MainThread] [cli_server/cli_server.py:106]: Log pipe server started
2026-04-20 01:47:05,977 [INFO] [MainThread] [root/main.py:123]: Debug mode enabled.
2026-04-20 01:47:06,118 [DEBUG] [MainThread] [pyvda.build/build.py:53]: Starting feature detection...
2026-04-20 01:47:06,118 [DEBUG] [MainThread] [pyvda.build/build.py:57]: Feature detection complete. Windows version is over 26100
2026-04-20 01:47:06,187 [INFO] [MainThread] [pyvda.notification/notification.py:161]: Registered desktop notification (cookie=14)
2026-04-20 01:47:06,187 [INFO] [MainThread] [core.utils.widgets.windows_desktops.service/service.py:108]: Registered COM virtual desktop event successfully
2026-04-20 01:47:07,469 [INFO] [MainThread] [root/traffic.py:74]: Internet checker initialized for interface auto
2026-04-20 01:47:07,496 [INFO] [MainThread] [root/service.py:41]: AudioInputService starting...
2026-04-20 01:47:07,655 [INFO] [MainThread] [root/service.py:52]: AudioOutputService starting...
2026-04-20 01:47:07,772 [INFO] [MainThread] [root/app_bar.py:140]: Bar primary-bar Created on Screen: \\.\DISPLAY1 [Bar Height: 38px, DPI Scale: 1.0]
2026-04-20 01:47:07,860 [INFO] [MainThread] [root/bar_manager.py:95]: Starting WindowsNotificationEventListener...
2026-04-20 01:47:07,867 [INFO] [MainThread] [root/watcher.py:65]: Watching directory: c:\users\monst\.config\yasb
2026-04-20 01:47:07,868 [INFO] [MainThread] [root/watcher.py:104]: Created file watcher
2026-04-20 01:47:08,460 [INFO] [MainThread] [root/update_service.py:429]: Background update checker started
2026-04-21 17:31:43,136 [INFO] [MainThread] [root/bar_manager.py:111]: Stopping WindowsNotificationEventListener...
2026-04-21 17:44:22,558 [INFO] [MainThread] [root/log.py:99]: YASB v1.9.1
2026-04-21 17:44:22,560 [INFO] [CLIPipeServer] [cli_server/cli_server.py:215]: CLI server started v1.1.6
2026-04-21 17:44:22,561 [INFO] [MainThread] [cli_server/cli_server.py:106]: Log pipe server started
2026-04-21 17:44:22,806 [INFO] [MainThread] [root/main.py:123]: Debug mode enabled.
2026-04-21 17:44:22,884 [DEBUG] [MainThread] [pyvda.build/build.py:53]: Starting feature detection...
2026-04-21 17:44:22,885 [DEBUG] [MainThread] [pyvda.build/build.py:57]: Feature detection complete. Windows version is over 26100
2026-04-21 17:44:22,944 [INFO] [MainThread] [pyvda.notification/notification.py:161]: Registered desktop notification (cookie=14)
2026-04-21 17:44:22,944 [INFO] [MainThread] [core.utils.widgets.windows_desktops.service/service.py:108]: Registered COM virtual desktop event successfully
2026-04-21 17:44:23,935 [INFO] [MainThread] [root/traffic.py:74]: Internet checker initialized for interface auto
2026-04-21 17:44:23,965 [INFO] [MainThread] [root/service.py:41]: AudioInputService starting...
2026-04-21 17:44:24,101 [INFO] [MainThread] [root/service.py:52]: AudioOutputService starting...
2026-04-21 17:44:24,178 [INFO] [MainThread] [root/app_bar.py:140]: Bar primary-bar Created on Screen: \\.\DISPLAY1 [Bar Height: 38px, DPI Scale: 1.0]
2026-04-21 17:44:24,788 [INFO] [MainThread] [root/bar_manager.py:95]: Starting WindowsNotificationEventListener...
2026-04-21 17:44:24,791 [INFO] [MainThread] [root/watcher.py:65]: Watching directory: c:\users\monst\.config\yasb
2026-04-21 17:44:24,791 [INFO] [MainThread] [root/watcher.py:104]: Created file watcher
2026-04-21 17:44:25,289 [INFO] [MainThread] [root/update_service.py:429]: Background update checker started
2026-04-22 11:48:09,916 [DEBUG] [Thread-6] [root/watcher.py:84]: Stylesheet modified: c:\users\monst\.config\yasb\styles.css
2026-04-22 11:48:09,929 [DEBUG] [Thread-6] [root/watcher.py:97]: Imported stylesheet modified: c:\users\monst\.config\yasb\theme-variables.css
2026-04-22 11:48:12,501 [DEBUG] [Thread-6] [root/watcher.py:90]: Config file modified: c:\users\monst\.config\yasb\config.yaml
2026-04-22 11:53:12,221 [DEBUG] [Thread-6] [root/watcher.py:90]: Config file modified: c:\users\monst\.config\yasb\config.yaml
2026-04-22 11:53:12,285 [INFO] [MainThread] [root/controller.py:21]: Reloading Application because of config change.
2026-04-22 11:53:12,389 [INFO] [MainThread] [cli_server/cli_server.py:114]: Log pipe server stopped
2026-04-22 11:53:12,390 [DEBUG] [MainThread] [cli_server/cli_server.py:209]: CLI server stopped
2026-04-22 11:53:12,403 [INFO] [MainThread] [root/bar_manager.py:85]: Successfully loaded updated config and re-initialised all bars.
2026-04-22 11:53:13,541 [INFO] [MainThread] [root/bar_manager.py:111]: Stopping WindowsNotificationEventListener...
2026-04-22 11:53:13,610 [INFO] [MainThread] [pyvda.notification/notification.py:168]: Unregistered desktop notification (cookie=14)
2026-04-22 11:53:14,348 [INFO] [MainThread] [root/log.py:99]: YASB v1.9.1
2026-04-22 11:53:14,349 [INFO] [CLIPipeServer] [cli_server/cli_server.py:215]: CLI server started v1.1.6
2026-04-22 11:53:14,349 [INFO] [MainThread] [cli_server/cli_server.py:106]: Log pipe server started
2026-04-22 11:53:14,524 [INFO] [MainThread] [root/main.py:123]: Debug mode enabled.
2026-04-22 11:53:14,635 [DEBUG] [MainThread] [pyvda.build/build.py:53]: Starting feature detection...
2026-04-22 11:53:14,635 [DEBUG] [MainThread] [pyvda.build/build.py:57]: Feature detection complete. Windows version is over 26100
2026-04-22 11:53:14,703 [INFO] [MainThread] [pyvda.notification/notification.py:161]: Registered desktop notification (cookie=16)
2026-04-22 11:53:14,703 [INFO] [MainThread] [core.utils.widgets.windows_desktops.service/service.py:108]: Registered COM virtual desktop event successfully
2026-04-22 11:53:14,750 [ERROR] [MainThread] [root/cava.py:492]: Invalid gradient color specified: rgb(22, 22, 20)
2026-04-22 11:53:14,750 [ERROR] [MainThread] [root/cava.py:492]: Invalid gradient color specified: rgb(22, 22, 20)
2026-04-22 11:53:14,750 [ERROR] [MainThread] [root/cava.py:492]: Invalid gradient color specified: rgb(22, 22, 20)
2026-04-22 11:53:15,495 [INFO] [MainThread] [root/traffic.py:74]: Internet checker initialized for interface auto
2026-04-22 11:53:15,524 [INFO] [MainThread] [root/service.py:41]: AudioInputService starting...
2026-04-22 11:53:15,647 [INFO] [MainThread] [root/service.py:52]: AudioOutputService starting...
2026-04-22 11:53:15,724 [INFO] [MainThread] [root/app_bar.py:140]: Bar primary-bar Created on Screen: \\.\DISPLAY1 [Bar Height: 38px, DPI Scale: 1.0]
2026-04-22 11:53:16,314 [INFO] [MainThread] [root/bar_manager.py:95]: Starting WindowsNotificationEventListener...
2026-04-22 11:53:16,317 [INFO] [MainThread] [root/watcher.py:65]: Watching directory: c:\users\monst\.config\yasb
2026-04-22 11:53:16,317 [INFO] [MainThread] [root/watcher.py:104]: Created file watcher
2026-04-22 11:53:16,851 [INFO] [MainThread] [root/update_service.py:429]: Background update checker started
2026-04-22 11:53:18,450 [DEBUG] [Thread-6] [root/watcher.py:97]: Imported stylesheet modified: c:\users\monst\.config\yasb\theme-variables.css
2026-04-22 11:57:02,522 [DEBUG] [Thread-6] [root/watcher.py:90]: Config file modified: c:\users\monst\.config\yasb\config.yaml
2026-04-22 11:57:02,575 [INFO] [MainThread] [root/controller.py:21]: Reloading Application because of config change.
2026-04-22 11:57:02,690 [INFO] [MainThread] [cli_server/cli_server.py:114]: Log pipe server stopped
2026-04-22 11:57:02,690 [DEBUG] [MainThread] [cli_server/cli_server.py:209]: CLI server stopped
2026-04-22 11:57:02,696 [INFO] [MainThread] [root/bar_manager.py:85]: Successfully loaded updated config and re-initialised all bars.
2026-04-22 11:57:03,789 [INFO] [MainThread] [root/bar_manager.py:111]: Stopping WindowsNotificationEventListener...
2026-04-22 11:57:03,840 [INFO] [MainThread] [pyvda.notification/notification.py:168]: Unregistered desktop notification (cookie=16)
2026-04-22 11:57:04,414 [INFO] [MainThread] [root/log.py:99]: YASB v1.9.1
2026-04-22 11:57:04,416 [INFO] [CLIPipeServer] [cli_server/cli_server.py:215]: CLI server started v1.1.6
2026-04-22 11:57:04,416 [INFO] [MainThread] [cli_server/cli_server.py:106]: Log pipe server started
2026-04-22 11:57:04,523 [INFO] [MainThread] [root/main.py:123]: Debug mode enabled.
2026-04-22 11:57:04,597 [DEBUG] [MainThread] [pyvda.build/build.py:53]: Starting feature detection...
2026-04-22 11:57:04,598 [DEBUG] [MainThread] [pyvda.build/build.py:57]: Feature detection complete. Windows version is over 26100
2026-04-22 11:57:04,662 [INFO] [MainThread] [pyvda.notification/notification.py:161]: Registered desktop notification (cookie=17)
2026-04-22 11:57:04,662 [INFO] [MainThread] [core.utils.widgets.windows_desktops.service/service.py:108]: Registered COM virtual desktop event successfully
2026-04-22 11:57:04,711 [ERROR] [MainThread] [root/cava.py:492]: Invalid gradient color specified: rgb(22, 22, 20)
2026-04-22 11:57:04,711 [ERROR] [MainThread] [root/cava.py:492]: Invalid gradient color specified: rgb(22, 22, 20)
2026-04-22 11:57:04,711 [ERROR] [MainThread] [root/cava.py:492]: Invalid gradient color specified: rgb(22, 22, 20)
2026-04-22 11:57:05,158 [INFO] [MainThread] [root/traffic.py:74]: Internet checker initialized for interface auto
2026-04-22 11:57:05,179 [INFO] [MainThread] [root/service.py:41]: AudioInputService starting...
2026-04-22 11:57:05,264 [INFO] [MainThread] [root/service.py:52]: AudioOutputService starting...
2026-04-22 11:57:05,330 [INFO] [MainThread] [root/app_bar.py:140]: Bar primary-bar Created on Screen: \\.\DISPLAY1 [Bar Height: 38px, DPI Scale: 1.0]
2026-04-22 11:57:05,915 [INFO] [MainThread] [root/bar_manager.py:95]: Starting WindowsNotificationEventListener...
2026-04-22 11:57:05,918 [INFO] [MainThread] [root/watcher.py:65]: Watching directory: c:\users\monst\.config\yasb
2026-04-22 11:57:05,918 [INFO] [MainThread] [root/watcher.py:104]: Created file watcher
2026-04-22 11:57:06,025 [INFO] [MainThread] [root/update_service.py:429]: Background update checker started
2026-04-22 11:58:40,702 [DEBUG] [Thread-6] [root/watcher.py:90]: Config file modified: c:\users\monst\.config\yasb\config.yaml
2026-04-22 11:58:40,856 [DEBUG] [Thread-6] [root/watcher.py:90]: Config file modified: c:\users\monst\.config\yasb\config.yaml
2026-04-22 11:58:40,951 [INFO] [MainThread] [root/controller.py:21]: Reloading Application because of config change.
2026-04-22 11:58:41,059 [INFO] [MainThread] [cli_server/cli_server.py:114]: Log pipe server stopped
2026-04-22 11:58:41,059 [DEBUG] [MainThread] [cli_server/cli_server.py:209]: CLI server stopped
2026-04-22 11:58:41,065 [INFO] [MainThread] [root/bar_manager.py:85]: Successfully loaded updated config and re-initialised all bars.
2026-04-22 11:58:42,155 [INFO] [MainThread] [root/bar_manager.py:111]: Stopping WindowsNotificationEventListener...
2026-04-22 11:58:42,196 [INFO] [MainThread] [pyvda.notification/notification.py:168]: Unregistered desktop notification (cookie=17)
2026-04-22 11:58:42,769 [INFO] [MainThread] [root/log.py:99]: YASB v1.9.1
2026-04-22 11:58:42,771 [INFO] [CLIPipeServer] [cli_server/cli_server.py:215]: CLI server started v1.1.6
2026-04-22 11:58:42,772 [INFO] [MainThread] [cli_server/cli_server.py:106]: Log pipe server started
2026-04-22 11:58:42,931 [INFO] [MainThread] [root/main.py:123]: Debug mode enabled.
2026-04-22 11:58:43,026 [DEBUG] [MainThread] [pyvda.build/build.py:53]: Starting feature detection...
2026-04-22 11:58:43,026 [DEBUG] [MainThread] [pyvda.build/build.py:57]: Feature detection complete. Windows version is over 26100
2026-04-22 11:58:43,107 [INFO] [MainThread] [pyvda.notification/notification.py:161]: Registered desktop notification (cookie=18)
2026-04-22 11:58:43,107 [INFO] [MainThread] [core.utils.widgets.windows_desktops.service/service.py:108]: Registered COM virtual desktop event successfully
2026-04-22 11:58:43,175 [ERROR] [MainThread] [root/cava.py:492]: Invalid gradient color specified: rgb(22, 22, 20)
2026-04-22 11:58:43,176 [ERROR] [MainThread] [root/cava.py:492]: Invalid gradient color specified: rgb(22, 22, 20)
2026-04-22 11:58:43,176 [ERROR] [MainThread] [root/cava.py:492]: Invalid gradient color specified: rgb(22, 22, 20)
2026-04-22 11:58:43,784 [INFO] [MainThread] [root/traffic.py:74]: Internet checker initialized for interface auto
2026-04-22 11:58:43,810 [INFO] [MainThread] [root/service.py:41]: AudioInputService starting...
2026-04-22 11:58:43,912 [INFO] [MainThread] [root/service.py:52]: AudioOutputService starting...
2026-04-22 11:58:44,020 [INFO] [MainThread] [root/app_bar.py:140]: Bar primary-bar Created on Screen: \\.\DISPLAY1 [Bar Height: 38px, DPI Scale: 1.0]
2026-04-22 11:58:44,635 [INFO] [MainThread] [root/bar_manager.py:95]: Starting WindowsNotificationEventListener...
2026-04-22 11:58:44,639 [INFO] [MainThread] [root/watcher.py:65]: Watching directory: c:\users\monst\.config\yasb
2026-04-22 11:58:44,640 [INFO] [MainThread] [root/watcher.py:104]: Created file watcher
2026-04-22 11:58:44,812 [INFO] [MainThread] [root/update_service.py:429]: Background update checker started
2026-04-22 11:58:55,313 [INFO] [MainThread] [root/controller.py:21]: Reloading Bar from context menu...
2026-04-22 11:58:55,424 [INFO] [MainThread] [cli_server/cli_server.py:114]: Log pipe server stopped
2026-04-22 11:58:55,424 [DEBUG] [MainThread] [cli_server/cli_server.py:209]: CLI server stopped
2026-04-22 11:58:56,063 [INFO] [MainThread] [root/bar_manager.py:111]: Stopping WindowsNotificationEventListener...
2026-04-22 11:58:56,132 [INFO] [MainThread] [pyvda.notification/notification.py:168]: Unregistered desktop notification (cookie=18)
2026-04-22 11:58:56,722 [INFO] [MainThread] [root/log.py:99]: YASB v1.9.1
2026-04-22 11:58:56,723 [INFO] [CLIPipeServer] [cli_server/cli_server.py:215]: CLI server started v1.1.6
2026-04-22 11:58:56,723 [INFO] [MainThread] [cli_server/cli_server.py:106]: Log pipe server started
2026-04-22 11:58:56,819 [INFO] [MainThread] [root/main.py:123]: Debug mode enabled.
2026-04-22 11:58:56,896 [DEBUG] [MainThread] [pyvda.build/build.py:53]: Starting feature detection...
2026-04-22 11:58:56,897 [DEBUG] [MainThread] [pyvda.build/build.py:57]: Feature detection complete. Windows version is over 26100
2026-04-22 11:58:56,961 [INFO] [MainThread] [pyvda.notification/notification.py:161]: Registered desktop notification (cookie=19)
2026-04-22 11:58:56,961 [INFO] [MainThread] [core.utils.widgets.windows_desktops.service/service.py:108]: Registered COM virtual desktop event successfully
2026-04-22 11:58:57,007 [ERROR] [MainThread] [root/cava.py:492]: Invalid gradient color specified: rgb(22, 22, 20)
2026-04-22 11:58:57,008 [ERROR] [MainThread] [root/cava.py:492]: Invalid gradient color specified: rgb(22, 22, 20)
2026-04-22 11:58:57,008 [ERROR] [MainThread] [root/cava.py:492]: Invalid gradient color specified: rgb(22, 22, 20)
2026-04-22 11:58:57,482 [INFO] [MainThread] [root/traffic.py:74]: Internet checker initialized for interface auto
2026-04-22 11:58:57,502 [INFO] [MainThread] [root/service.py:41]: AudioInputService starting...
2026-04-22 11:58:57,588 [INFO] [MainThread] [root/service.py:52]: AudioOutputService starting...
2026-04-22 11:58:57,656 [INFO] [MainThread] [root/app_bar.py:140]: Bar primary-bar Created on Screen: \\.\DISPLAY1 [Bar Height: 38px, DPI Scale: 1.0]
2026-04-22 11:58:58,252 [INFO] [MainThread] [root/bar_manager.py:95]: Starting WindowsNotificationEventListener...
2026-04-22 11:58:58,254 [INFO] [MainThread] [root/watcher.py:65]: Watching directory: c:\users\monst\.config\yasb
2026-04-22 11:58:58,254 [INFO] [MainThread] [root/watcher.py:104]: Created file watcher
2026-04-22 11:58:58,378 [INFO] [MainThread] [root/update_service.py:429]: Background update checker started
2026-04-22 12:00:35,304 [DEBUG] [Thread-6] [root/watcher.py:90]: Config file modified: c:\users\monst\.config\yasb\config.yaml
2026-04-22 12:00:35,372 [INFO] [MainThread] [root/controller.py:21]: Reloading Application because of config change.
2026-04-22 12:00:35,474 [INFO] [MainThread] [cli_server/cli_server.py:114]: Log pipe server stopped
2026-04-22 12:00:35,475 [DEBUG] [MainThread] [cli_server/cli_server.py:209]: CLI server stopped
2026-04-22 12:00:35,482 [INFO] [MainThread] [root/bar_manager.py:85]: Successfully loaded updated config and re-initialised all bars.
2026-04-22 12:00:36,557 [INFO] [MainThread] [root/bar_manager.py:111]: Stopping WindowsNotificationEventListener...
2026-04-22 12:00:36,599 [INFO] [MainThread] [pyvda.notification/notification.py:168]: Unregistered desktop notification (cookie=19)
2026-04-22 12:00:37,099 [INFO] [MainThread] [root/log.py:99]: YASB v1.9.1
2026-04-22 12:00:37,099 [INFO] [CLIPipeServer] [cli_server/cli_server.py:215]: CLI server started v1.1.6
2026-04-22 12:00:37,100 [INFO] [MainThread] [cli_server/cli_server.py:106]: Log pipe server started
2026-04-22 12:00:37,187 [INFO] [MainThread] [root/main.py:123]: Debug mode enabled.
2026-04-22 12:00:37,256 [DEBUG] [MainThread] [pyvda.build/build.py:53]: Starting feature detection...
2026-04-22 12:00:37,256 [DEBUG] [MainThread] [pyvda.build/build.py:57]: Feature detection complete. Windows version is over 26100
2026-04-22 12:00:37,319 [INFO] [MainThread] [pyvda.notification/notification.py:161]: Registered desktop notification (cookie=20)
2026-04-22 12:00:37,319 [INFO] [MainThread] [core.utils.widgets.windows_desktops.service/service.py:108]: Registered COM virtual desktop event successfully
2026-04-22 12:00:37,852 [INFO] [MainThread] [root/traffic.py:74]: Internet checker initialized for interface auto
2026-04-22 12:00:37,873 [INFO] [MainThread] [root/service.py:41]: AudioInputService starting...
2026-04-22 12:00:37,956 [INFO] [MainThread] [root/service.py:52]: AudioOutputService starting...
2026-04-22 12:00:38,041 [INFO] [MainThread] [root/app_bar.py:140]: Bar primary-bar Created on Screen: \\.\DISPLAY1 [Bar Height: 38px, DPI Scale: 1.0]
2026-04-22 12:00:38,660 [INFO] [MainThread] [root/bar_manager.py:95]: Starting WindowsNotificationEventListener...
2026-04-22 12:00:38,663 [INFO] [MainThread] [root/watcher.py:65]: Watching directory: c:\users\monst\.config\yasb
2026-04-22 12:00:38,663 [INFO] [MainThread] [root/watcher.py:104]: Created file watcher
2026-04-22 12:00:38,791 [INFO] [MainThread] [root/update_service.py:429]: Background update checker started
2026-04-22 12:00:48,231 [DEBUG] [Thread-6] [root/watcher.py:97]: Imported stylesheet modified: c:\users\monst\.config\yasb\theme-variables.css
2026-04-22 12:03:12,329 [DEBUG] [Thread-6] [root/watcher.py:84]: Stylesheet modified: c:\users\monst\.config\yasb\styles.css
2026-04-22 12:03:17,113 [DEBUG] [Thread-6] [root/watcher.py:97]: Imported stylesheet modified: c:\users\monst\.config\yasb\theme-variables.css
2026-04-22 12:05:06,082 [DEBUG] [Thread-6] [root/watcher.py:90]: Config file modified: c:\users\monst\.config\yasb\config.yaml
2026-04-22 12:05:06,146 [INFO] [MainThread] [root/controller.py:21]: Reloading Application because of config change.
2026-04-22 12:05:06,248 [INFO] [MainThread] [cli_server/cli_server.py:114]: Log pipe server stopped
2026-04-22 12:05:06,249 [DEBUG] [MainThread] [cli_server/cli_server.py:209]: CLI server stopped
2026-04-22 12:05:06,254 [INFO] [MainThread] [root/bar_manager.py:85]: Successfully loaded updated config and re-initialised all bars.
2026-04-22 12:05:07,365 [INFO] [MainThread] [root/bar_manager.py:111]: Stopping WindowsNotificationEventListener...
2026-04-22 12:05:07,409 [INFO] [MainThread] [pyvda.notification/notification.py:168]: Unregistered desktop notification (cookie=20)
2026-04-22 12:05:07,961 [INFO] [MainThread] [root/log.py:99]: YASB v1.9.1
2026-04-22 12:05:07,962 [INFO] [CLIPipeServer] [cli_server/cli_server.py:215]: CLI server started v1.1.6
2026-04-22 12:05:07,963 [INFO] [MainThread] [cli_server/cli_server.py:106]: Log pipe server started
2026-04-22 12:05:08,060 [INFO] [MainThread] [root/main.py:123]: Debug mode enabled.
2026-04-22 12:05:08,137 [DEBUG] [MainThread] [pyvda.build/build.py:53]: Starting feature detection...
2026-04-22 12:05:08,137 [DEBUG] [MainThread] [pyvda.build/build.py:57]: Feature detection complete. Windows version is over 26100
2026-04-22 12:05:08,201 [INFO] [MainThread] [pyvda.notification/notification.py:161]: Registered desktop notification (cookie=21)
2026-04-22 12:05:08,201 [INFO] [MainThread] [core.utils.widgets.windows_desktops.service/service.py:108]: Registered COM virtual desktop event successfully
2026-04-22 12:05:08,719 [INFO] [MainThread] [root/traffic.py:74]: Internet checker initialized for interface auto
2026-04-22 12:05:08,738 [INFO] [MainThread] [root/service.py:41]: AudioInputService starting...
2026-04-22 12:05:08,819 [INFO] [MainThread] [root/service.py:52]: AudioOutputService starting...
2026-04-22 12:05:08,886 [INFO] [MainThread] [root/app_bar.py:140]: Bar primary-bar Created on Screen: \\.\DISPLAY1 [Bar Height: 38px, DPI Scale: 1.0]
2026-04-22 12:05:09,468 [INFO] [MainThread] [root/bar_manager.py:95]: Starting WindowsNotificationEventListener...
2026-04-22 12:05:09,470 [INFO] [MainThread] [root/watcher.py:65]: Watching directory: c:\users\monst\.config\yasb
2026-04-22 12:05:09,470 [INFO] [MainThread] [root/watcher.py:104]: Created file watcher
2026-04-22 12:05:09,573 [INFO] [MainThread] [root/update_service.py:429]: Background update checker started
2026-04-22 12:08:41,019 [DEBUG] [Thread-6] [root/watcher.py:84]: Stylesheet modified: c:\users\monst\.config\yasb\styles.css
2026-04-22 12:09:01,735 [DEBUG] [Thread-6] [root/watcher.py:84]: Stylesheet modified: c:\users\monst\.config\yasb\styles.css
2026-04-22 12:09:06,986 [DEBUG] [Thread-6] [root/watcher.py:97]: Imported stylesheet modified: c:\users\monst\.config\yasb\theme-variables.css
2026-04-22 12:12:09,131 [DEBUG] [Thread-6] [root/watcher.py:84]: Stylesheet modified: c:\users\monst\.config\yasb\styles.css
2026-04-22 12:12:09,163 [DEBUG] [Thread-6] [root/watcher.py:84]: Stylesheet modified: c:\users\monst\.config\yasb\styles.css
2026-04-22 12:12:14,571 [DEBUG] [Thread-6] [root/watcher.py:84]: Stylesheet modified: c:\users\monst\.config\yasb\styles.css
2026-04-22 12:12:38,162 [DEBUG] [Thread-6] [root/watcher.py:84]: Stylesheet modified: c:\users\monst\.config\yasb\styles.css
2026-04-22 12:12:49,847 [DEBUG] [Thread-6] [root/watcher.py:90]: Config file modified: c:\users\monst\.config\yasb\config.yaml
2026-04-22 12:12:49,894 [INFO] [MainThread] [root/controller.py:21]: Reloading Application because of config change.
2026-04-22 12:12:50,006 [INFO] [MainThread] [cli_server/cli_server.py:114]: Log pipe server stopped
2026-04-22 12:12:50,006 [DEBUG] [MainThread] [cli_server/cli_server.py:209]: CLI server stopped
2026-04-22 12:12:50,011 [INFO] [MainThread] [root/bar_manager.py:85]: Successfully loaded updated config and re-initialised all bars.
2026-04-22 12:12:51,102 [INFO] [MainThread] [root/bar_manager.py:111]: Stopping WindowsNotificationEventListener...
2026-04-22 12:12:51,168 [INFO] [MainThread] [pyvda.notification/notification.py:168]: Unregistered desktop notification (cookie=21)
2026-04-22 12:12:51,723 [INFO] [MainThread] [root/log.py:99]: YASB v1.9.1
2026-04-22 12:12:51,724 [INFO] [CLIPipeServer] [cli_server/cli_server.py:215]: CLI server started v1.1.6
2026-04-22 12:12:51,724 [INFO] [MainThread] [cli_server/cli_server.py:106]: Log pipe server started
2026-04-22 12:12:51,821 [INFO] [MainThread] [root/main.py:123]: Debug mode enabled.
2026-04-22 12:12:51,900 [DEBUG] [MainThread] [pyvda.build/build.py:53]: Starting feature detection...
2026-04-22 12:12:51,900 [DEBUG] [MainThread] [pyvda.build/build.py:57]: Feature detection complete. Windows version is over 26100
2026-04-22 12:12:51,961 [INFO] [MainThread] [pyvda.notification/notification.py:161]: Registered desktop notification (cookie=22)
2026-04-22 12:12:51,961 [INFO] [MainThread] [core.utils.widgets.windows_desktops.service/service.py:108]: Registered COM virtual desktop event successfully
2026-04-22 12:12:52,425 [INFO] [MainThread] [root/traffic.py:74]: Internet checker initialized for interface auto
2026-04-22 12:12:52,444 [INFO] [MainThread] [root/service.py:41]: AudioInputService starting...
2026-04-22 12:12:52,528 [INFO] [MainThread] [root/service.py:52]: AudioOutputService starting...
2026-04-22 12:12:52,595 [INFO] [MainThread] [root/app_bar.py:140]: Bar primary-bar Created on Screen: \\.\DISPLAY1 [Bar Height: 38px, DPI Scale: 1.0]
2026-04-22 12:12:53,180 [INFO] [MainThread] [root/bar_manager.py:95]: Starting WindowsNotificationEventListener...
2026-04-22 12:12:53,182 [INFO] [MainThread] [root/watcher.py:65]: Watching directory: c:\users\monst\.config\yasb
2026-04-22 12:12:53,183 [INFO] [MainThread] [root/watcher.py:104]: Created file watcher
2026-04-22 12:12:53,286 [INFO] [MainThread] [root/update_service.py:429]: Background update checker started
2026-04-22 12:13:27,572 [DEBUG] [Thread-6] [root/watcher.py:84]: Stylesheet modified: c:\users\monst\.config\yasb\styles.css
2026-04-22 12:13:34,298 [DEBUG] [Thread-6] [root/watcher.py:90]: Config file modified: c:\users\monst\.config\yasb\config.yaml
2026-04-22 12:17:39,140 [DEBUG] [Thread-6] [root/watcher.py:84]: Stylesheet modified: c:\users\monst\.config\yasb\styles.css
2026-04-22 12:17:56,877 [DEBUG] [Thread-6] [root/watcher.py:84]: Stylesheet modified: c:\users\monst\.config\yasb\styles.css
2026-04-22 12:17:56,887 [DEBUG] [Thread-6] [root/watcher.py:84]: Stylesheet modified: c:\users\monst\.config\yasb\styles.css
2026-04-22 12:19:01,149 [DEBUG] [Thread-6] [root/watcher.py:84]: Stylesheet modified: c:\users\monst\.config\yasb\styles.css
2026-04-22 12:21:22,338 [DEBUG] [Thread-6] [root/watcher.py:84]: Stylesheet modified: c:\users\monst\.config\yasb\styles.css
2026-04-22 12:21:36,301 [DEBUG] [Thread-6] [root/watcher.py:97]: Imported stylesheet modified: c:\users\monst\.config\yasb\theme-variables.css
2026-04-22 12:23:31,619 [DEBUG] [Thread-6] [root/watcher.py:84]: Stylesheet modified: c:\users\monst\.config\yasb\styles.css
2026-04-22 12:26:27,915 [DEBUG] [Thread-6] [root/watcher.py:84]: Stylesheet modified: c:\users\monst\.config\yasb\styles.css
2026-04-22 12:27:06,081 [DEBUG] [Thread-6] [root/watcher.py:84]: Stylesheet modified: c:\users\monst\.config\yasb\styles.css
2026-04-22 12:32:36,883 [DEBUG] [Thread-6] [root/watcher.py:84]: Stylesheet modified: c:\users\monst\.config\yasb\styles.css
2026-04-22 12:38:26,902 [DEBUG] [Thread-6] [root/watcher.py:90]: Config file modified: c:\users\monst\.config\yasb\config.yaml
2026-04-22 12:38:26,946 [INFO] [MainThread] [root/controller.py:21]: Reloading Application because of config change.
2026-04-22 12:38:27,049 [INFO] [MainThread] [cli_server/cli_server.py:114]: Log pipe server stopped
2026-04-22 12:38:27,049 [DEBUG] [MainThread] [cli_server/cli_server.py:209]: CLI server stopped
2026-04-22 12:38:27,054 [INFO] [MainThread] [root/bar_manager.py:85]: Successfully loaded updated config and re-initialised all bars.
2026-04-22 12:38:28,146 [INFO] [MainThread] [root/bar_manager.py:111]: Stopping WindowsNotificationEventListener...
2026-04-22 12:38:28,208 [INFO] [MainThread] [pyvda.notification/notification.py:168]: Unregistered desktop notification (cookie=22)
2026-04-22 12:38:28,700 [INFO] [MainThread] [root/log.py:99]: YASB v1.9.1
2026-04-22 12:38:28,701 [INFO] [CLIPipeServer] [cli_server/cli_server.py:215]: CLI server started v1.1.6
2026-04-22 12:38:28,701 [INFO] [MainThread] [cli_server/cli_server.py:106]: Log pipe server started
2026-04-22 12:38:28,791 [INFO] [MainThread] [root/main.py:123]: Debug mode enabled.
2026-04-22 12:38:28,876 [DEBUG] [MainThread] [pyvda.build/build.py:53]: Starting feature detection...
2026-04-22 12:38:28,877 [DEBUG] [MainThread] [pyvda.build/build.py:57]: Feature detection complete. Windows version is over 26100
2026-04-22 12:38:28,937 [INFO] [MainThread] [pyvda.notification/notification.py:161]: Registered desktop notification (cookie=23)
2026-04-22 12:38:28,937 [INFO] [MainThread] [core.utils.widgets.windows_desktops.service/service.py:108]: Registered COM virtual desktop event successfully
2026-04-22 12:38:29,453 [INFO] [MainThread] [root/traffic.py:74]: Internet checker initialized for interface auto
2026-04-22 12:38:29,475 [INFO] [MainThread] [root/service.py:41]: AudioInputService starting...
2026-04-22 12:38:29,555 [INFO] [MainThread] [root/service.py:52]: AudioOutputService starting...
2026-04-22 12:38:29,621 [INFO] [MainThread] [root/app_bar.py:140]: Bar primary-bar Created on Screen: \\.\DISPLAY1 [Bar Height: 38px, DPI Scale: 1.0]
2026-04-22 12:38:30,201 [INFO] [MainThread] [root/bar_manager.py:95]: Starting WindowsNotificationEventListener...
2026-04-22 12:38:30,205 [INFO] [MainThread] [root/watcher.py:65]: Watching directory: c:\users\monst\.config\yasb
2026-04-22 12:38:30,205 [INFO] [MainThread] [root/watcher.py:104]: Created file watcher
2026-04-22 12:38:30,308 [INFO] [MainThread] [root/update_service.py:429]: Background update checker started
2026-04-22 12:38:30,809 [DEBUG] [Thread-6] [root/watcher.py:90]: Config file modified: c:\users\monst\.config\yasb\config.yaml
2026-04-22 12:38:30,872 [INFO] [MainThread] [root/controller.py:21]: Reloading Application because of config change.
2026-04-22 12:38:30,973 [INFO] [MainThread] [cli_server/cli_server.py:114]: Log pipe server stopped
2026-04-22 12:38:30,973 [DEBUG] [MainThread] [cli_server/cli_server.py:209]: CLI server stopped
2026-04-22 12:38:30,979 [INFO] [MainThread] [root/bar_manager.py:85]: Successfully loaded updated config and re-initialised all bars.
2026-04-22 12:38:31,575 [INFO] [MainThread] [root/bar_manager.py:111]: Stopping WindowsNotificationEventListener...
2026-04-22 12:38:31,613 [INFO] [MainThread] [pyvda.notification/notification.py:168]: Unregistered desktop notification (cookie=23)
2026-04-22 12:38:32,094 [INFO] [MainThread] [root/log.py:99]: YASB v1.9.1
2026-04-22 12:38:32,094 [INFO] [CLIPipeServer] [cli_server/cli_server.py:215]: CLI server started v1.1.6
2026-04-22 12:38:32,095 [INFO] [MainThread] [cli_server/cli_server.py:106]: Log pipe server started
2026-04-22 12:38:32,186 [INFO] [MainThread] [root/main.py:123]: Debug mode enabled.
2026-04-22 12:38:32,266 [DEBUG] [MainThread] [pyvda.build/build.py:53]: Starting feature detection...
2026-04-22 12:38:32,267 [DEBUG] [MainThread] [pyvda.build/build.py:57]: Feature detection complete. Windows version is over 26100
2026-04-22 12:38:32,326 [INFO] [MainThread] [pyvda.notification/notification.py:161]: Registered desktop notification (cookie=24)
2026-04-22 12:38:32,326 [INFO] [MainThread] [core.utils.widgets.windows_desktops.service/service.py:108]: Registered COM virtual desktop event successfully
2026-04-22 12:38:32,937 [INFO] [MainThread] [root/traffic.py:74]: Internet checker initialized for interface auto
2026-04-22 12:38:32,955 [INFO] [MainThread] [root/service.py:41]: AudioInputService starting...
2026-04-22 12:38:33,032 [INFO] [MainThread] [root/service.py:52]: AudioOutputService starting...
2026-04-22 12:38:33,098 [INFO] [MainThread] [root/app_bar.py:140]: Bar primary-bar Created on Screen: \\.\DISPLAY1 [Bar Height: 38px, DPI Scale: 1.0]
2026-04-22 12:38:33,667 [INFO] [MainThread] [root/bar_manager.py:95]: Starting WindowsNotificationEventListener...
2026-04-22 12:38:33,667 [ERROR] [MainThread] [root/widget_builder.py:111]: Failed to validate widget(s) due to invalid options  - weather
      location:
      - Input should be a valid string
      api_key:
      - Input should be a valid string
      icons:
        snowyIcyDay:
        - Extra inputs are not permitted
        snowyIcyNight:
        - Extra inputs are not permitted
      
2026-04-22 12:38:33,746 [INFO] [MainThread] [root/watcher.py:65]: Watching directory: c:\users\monst\.config\yasb
2026-04-22 12:38:33,746 [INFO] [MainThread] [root/watcher.py:104]: Created file watcher
2026-04-22 12:38:33,820 [INFO] [MainThread] [root/update_service.py:429]: Background update checker started
2026-04-22 12:38:40,737 [DEBUG] [Thread-7] [root/watcher.py:90]: Config file modified: c:\users\monst\.config\yasb\config.yaml
2026-04-22 12:38:40,790 [INFO] [MainThread] [root/controller.py:21]: Reloading Application because of config change.
2026-04-22 12:38:40,898 [INFO] [MainThread] [cli_server/cli_server.py:114]: Log pipe server stopped
2026-04-22 12:38:40,898 [DEBUG] [MainThread] [cli_server/cli_server.py:209]: CLI server stopped
2026-04-22 12:38:40,903 [INFO] [MainThread] [root/bar_manager.py:85]: Successfully loaded updated config and re-initialised all bars.
2026-04-22 12:38:41,549 [INFO] [MainThread] [root/bar_manager.py:111]: Stopping WindowsNotificationEventListener...
2026-04-22 12:38:41,617 [INFO] [MainThread] [pyvda.notification/notification.py:168]: Unregistered desktop notification (cookie=24)
2026-04-22 12:38:41,951 [INFO] [MainThread] [root/log.py:99]: YASB v1.9.1
2026-04-22 12:38:41,951 [INFO] [CLIPipeServer] [cli_server/cli_server.py:215]: CLI server started v1.1.6
2026-04-22 12:38:41,951 [INFO] [MainThread] [cli_server/cli_server.py:106]: Log pipe server started
2026-04-22 12:38:42,048 [INFO] [MainThread] [root/main.py:123]: Debug mode enabled.
2026-04-22 12:38:42,125 [DEBUG] [MainThread] [pyvda.build/build.py:53]: Starting feature detection...
2026-04-22 12:38:42,125 [DEBUG] [MainThread] [pyvda.build/build.py:57]: Feature detection complete. Windows version is over 26100
2026-04-22 12:38:42,187 [INFO] [MainThread] [pyvda.notification/notification.py:161]: Registered desktop notification (cookie=25)
2026-04-22 12:38:42,188 [INFO] [MainThread] [core.utils.widgets.windows_desktops.service/service.py:108]: Registered COM virtual desktop event successfully
2026-04-22 12:38:42,729 [INFO] [MainThread] [root/traffic.py:74]: Internet checker initialized for interface auto
2026-04-22 12:38:42,761 [INFO] [MainThread] [root/service.py:41]: AudioInputService starting...
2026-04-22 12:38:42,844 [INFO] [MainThread] [root/service.py:52]: AudioOutputService starting...
2026-04-22 12:38:42,908 [INFO] [MainThread] [root/app_bar.py:140]: Bar primary-bar Created on Screen: \\.\DISPLAY1 [Bar Height: 38px, DPI Scale: 1.0]
2026-04-22 12:38:43,468 [INFO] [MainThread] [root/bar_manager.py:95]: Starting WindowsNotificationEventListener...
2026-04-22 12:38:43,472 [INFO] [MainThread] [root/watcher.py:65]: Watching directory: c:\users\monst\.config\yasb
2026-04-22 12:38:43,472 [INFO] [MainThread] [root/watcher.py:104]: Created file watcher
2026-04-22 12:38:43,574 [INFO] [MainThread] [root/update_service.py:429]: Background update checker started
2026-04-22 12:38:59,181 [DEBUG] [Thread-6] [root/watcher.py:84]: Stylesheet modified: c:\users\monst\.config\yasb\styles.css
2026-04-22 12:39:00,502 [DEBUG] [Thread-6] [root/watcher.py:90]: Config file modified: c:\users\monst\.config\yasb\config.yaml
2026-04-22 12:41:00,848 [DEBUG] [Thread-6] [root/watcher.py:84]: Stylesheet modified: c:\users\monst\.config\yasb\styles.css
2026-04-22 12:41:17,450 [INFO] [MainThread] [root/controller.py:21]: Reloading Bar from context menu...
2026-04-22 12:41:17,564 [INFO] [MainThread] [cli_server/cli_server.py:114]: Log pipe server stopped
2026-04-22 12:41:17,564 [DEBUG] [MainThread] [cli_server/cli_server.py:209]: CLI server stopped
2026-04-22 12:41:18,664 [INFO] [MainThread] [root/bar_manager.py:111]: Stopping WindowsNotificationEventListener...
2026-04-22 12:41:18,717 [INFO] [MainThread] [pyvda.notification/notification.py:168]: Unregistered desktop notification (cookie=25)
2026-04-22 12:41:19,279 [INFO] [MainThread] [root/log.py:99]: YASB v1.9.1
2026-04-22 12:41:19,281 [INFO] [CLIPipeServer] [cli_server/cli_server.py:215]: CLI server started v1.1.6
2026-04-22 12:41:19,282 [INFO] [MainThread] [cli_server/cli_server.py:106]: Log pipe server started
2026-04-22 12:41:19,386 [INFO] [MainThread] [root/main.py:123]: Debug mode enabled.
2026-04-22 12:41:19,471 [DEBUG] [MainThread] [pyvda.build/build.py:53]: Starting feature detection...
2026-04-22 12:41:19,472 [DEBUG] [MainThread] [pyvda.build/build.py:57]: Feature detection complete. Windows version is over 26100
2026-04-22 12:41:19,538 [INFO] [MainThread] [pyvda.notification/notification.py:161]: Registered desktop notification (cookie=26)
2026-04-22 12:41:19,538 [INFO] [MainThread] [core.utils.widgets.windows_desktops.service/service.py:108]: Registered COM virtual desktop event successfully
2026-04-22 12:41:20,020 [INFO] [MainThread] [root/traffic.py:74]: Internet checker initialized for interface auto
2026-04-22 12:41:20,041 [INFO] [MainThread] [root/service.py:41]: AudioInputService starting...
2026-04-22 12:41:20,121 [INFO] [MainThread] [root/service.py:52]: AudioOutputService starting...
2026-04-22 12:41:20,184 [INFO] [MainThread] [root/app_bar.py:140]: Bar primary-bar Created on Screen: \\.\DISPLAY1 [Bar Height: 38px, DPI Scale: 1.0]
2026-04-22 12:41:20,766 [INFO] [MainThread] [root/bar_manager.py:95]: Starting WindowsNotificationEventListener...
2026-04-22 12:41:20,769 [INFO] [MainThread] [root/watcher.py:65]: Watching directory: c:\users\monst\.config\yasb
2026-04-22 12:41:20,769 [INFO] [MainThread] [root/watcher.py:104]: Created file watcher
2026-04-22 12:41:20,875 [INFO] [MainThread] [root/update_service.py:429]: Background update checker started
2026-04-22 12:41:23,262 [DEBUG] [Thread-6] [root/watcher.py:84]: Stylesheet modified: c:\users\monst\.config\yasb\styles.css
2026-04-22 12:42:20,653 [DEBUG] [Thread-6] [root/watcher.py:84]: Stylesheet modified: c:\users\monst\.config\yasb\styles.css
2026-04-22 12:42:30,181 [DEBUG] [Thread-6] [root/watcher.py:84]: Stylesheet modified: c:\users\monst\.config\yasb\styles.css
